station_abbr;parameter_shortname;meas_cat_nr;data_since;data_till;owner
ALT;fh9120mv;12;01.01.1981 00:00;;MeteoSchweiz
ALT;fh9120yv;12;01.01.1981 00:00;;MeteoSchweiz
ALT;fhs010m0;12;01.01.1981 00:00;;MeteoSchweiz
ALT;fhs010y0;12;01.01.1981 00:00;;MeteoSchweiz
ALT;gh9120mv;12;01.01.1981 00:00;;MeteoSchweiz
ALT;gh9120yv;12;01.01.1981 00:00;;MeteoSchweiz
ALT;ghs000m0;12;01.01.1981 00:00;;MeteoSchweiz
ALT;ghs000y0;12;01.01.1981 00:00;;MeteoSchweiz
ALT;ph9120mv;12;01.01.1959 00:00;;MeteoSchweiz
ALT;ph9120yv;12;01.01.1959 00:00;;MeteoSchweiz
ALT;phsstam0;12;01.01.1959 00:00;;MeteoSchweiz
ALT;phsstay0;12;01.01.1959 00:00;;MeteoSchweiz
ALT;pv9120mv;12;01.01.1959 00:00;;MeteoSchweiz
ALT;pv9120yv;12;01.01.1959 00:00;;MeteoSchweiz
ALT;pva2hsm0;12;01.01.1959 00:00;;MeteoSchweiz
ALT;pva2hsy0;12;01.01.1959 00:00;;MeteoSchweiz
ALT;rh9120mv;1;01.01.1864 00:00;;MeteoSchweiz
ALT;rh9120yv;1;01.01.1864 00:00;;MeteoSchweiz
ALT;rhs001m0;1;01.01.1959 00:00;;MeteoSchweiz
ALT;rhs001y0;1;01.01.1959 00:00;;MeteoSchweiz
ALT;rhs001yx;1;01.01.1959 00:00;;MeteoSchweiz
ALT;rhs150m0;1;01.01.1864 00:00;;MeteoSchweiz
ALT;rhs150y0;1;01.01.1864 00:00;;MeteoSchweiz
ALT;rhsdryyx;1;01.01.1959 00:00;;MeteoSchweiz
ALT;sh9120mv;12;01.01.1959 00:00;;MeteoSchweiz
ALT;sh9120yv;12;01.01.1959 00:00;;MeteoSchweiz
ALT;shs000m0;12;01.01.1959 00:00;;MeteoSchweiz
ALT;shs000y0;12;01.01.1959 00:00;;MeteoSchweiz
ALT;th9120dv;1;01.01.1864 00:00;;MeteoSchweiz
ALT;th9120mv;1;01.01.1864 00:00;;MeteoSchweiz
ALT;th9120yv;1;01.01.1864 00:00;;MeteoSchweiz
ALT;th91dndv;1;01.01.1909 00:00;;MeteoSchweiz
ALT;th91dnmv;1;01.01.1909 00:00;;MeteoSchweiz
ALT;th91dnyv;1;01.01.1909 00:00;;MeteoSchweiz
ALT;th91dxdv;1;01.01.1953 00:00;;MeteoSchweiz
ALT;th91dxmv;1;01.01.1953 00:00;;MeteoSchweiz
ALT;th91dxyv;1;01.01.1953 00:00;;MeteoSchweiz
ALT;thl200mn;1;01.01.1959 00:00;;MeteoSchweiz
ALT;thl200mx;1;01.01.1959 00:00;;MeteoSchweiz
ALT;thl200yn;1;01.01.1959 00:00;;MeteoSchweiz
ALT;thl200yx;1;01.01.1959 00:00;;MeteoSchweiz
ALT;ths00nm0;1;01.01.1959 00:00;;MeteoSchweiz
ALT;ths00ny0;1;01.01.1959 00:00;;MeteoSchweiz
ALT;ths00xm0;1;01.01.1959 00:00;;MeteoSchweiz
ALT;ths00xy0;1;01.01.1959 00:00;;MeteoSchweiz
ALT;ths200d0;1;01.01.1864 00:00;;MeteoSchweiz
ALT;ths200dn;1;01.01.1909 00:00;;MeteoSchweiz
ALT;ths200dx;1;01.01.1953 00:00;;MeteoSchweiz
ALT;ths200m0;1;01.01.1864 00:00;;MeteoSchweiz
ALT;ths200y0;1;01.01.1864 00:00;;MeteoSchweiz
ALT;ths20nm0;1;01.01.1959 00:00;;MeteoSchweiz
ALT;ths20ny0;1;01.01.1959 00:00;;MeteoSchweiz
ALT;ths25xm0;1;01.01.1959 00:00;;MeteoSchweiz
ALT;ths25xy0;1;01.01.1959 00:00;;MeteoSchweiz
ALT;ths2dymn;1;01.01.1909 00:00;;MeteoSchweiz
ALT;ths2dymx;1;01.01.1953 00:00;;MeteoSchweiz
ALT;ths2dyyn;1;01.01.1909 00:00;;MeteoSchweiz
ALT;ths2dyyx;1;01.01.1953 00:00;;MeteoSchweiz
ALT;ths30xm0;1;01.01.1959 00:00;;MeteoSchweiz
ALT;ths30xy0;1;01.01.1959 00:00;;MeteoSchweiz
ALT;ths35xm0;1;01.01.1970 00:00;;MeteoSchweiz
ALT;ths35xy0;1;01.01.1970 00:00;;MeteoSchweiz
ALT;xhs000m0;1;01.01.1959 00:00;;MeteoSchweiz
ALT;xhs000y0;1;01.01.1959 00:00;;MeteoSchweiz
ALT;xhs00om0;1;01.01.1959 00:00;;MeteoSchweiz
ALT;xhs00oy0;1;01.01.1959 00:00;;MeteoSchweiz
ALT;xhs012m0;1;01.01.1961 00:00;;MeteoSchweiz
ALT;xhs012y0;1;01.01.1961 00:00;;MeteoSchweiz
ANT;pv9120mv;12;01.01.1960 00:00;;MeteoSchweiz
ANT;pv9120yv;12;01.01.1960 00:00;;MeteoSchweiz
ANT;pva2hsm0;12;01.01.1960 00:00;;MeteoSchweiz
ANT;pva2hsy0;12;01.01.1960 00:00;;MeteoSchweiz
ANT;rh9120mv;1;01.01.1881 00:00;;MeteoSchweiz
ANT;rh9120yv;1;01.01.1881 00:00;;MeteoSchweiz
ANT;rhs001m0;1;01.01.1959 00:00;;MeteoSchweiz
ANT;rhs001y0;1;01.01.1959 00:00;;MeteoSchweiz
ANT;rhs001yx;1;01.01.1959 00:00;;MeteoSchweiz
ANT;rhs150m0;1;01.01.1881 00:00;;MeteoSchweiz
ANT;rhs150y0;1;01.01.1881 00:00;;MeteoSchweiz
ANT;rhsdryyx;1;01.01.1959 00:00;;MeteoSchweiz
ANT;th9120dv;1;01.01.1864 00:00;;MeteoSchweiz
ANT;th9120mv;1;01.01.1864 00:00;;MeteoSchweiz
ANT;th9120yv;1;01.01.1864 00:00;;MeteoSchweiz
ANT;th91dndv;12;01.01.1971 00:00;;MeteoSchweiz
ANT;th91dnmv;12;01.01.1971 00:00;;MeteoSchweiz
ANT;th91dnyv;12;01.01.1971 00:00;;MeteoSchweiz
ANT;thl200mn;12;01.01.1971 00:00;;MeteoSchweiz
ANT;thl200yn;12;01.01.1971 00:00;;MeteoSchweiz
ANT;ths00nm0;12;01.01.1971 00:00;;MeteoSchweiz
ANT;ths00ny0;12;01.01.1971 00:00;;MeteoSchweiz
ANT;ths200d0;1;01.01.1864 00:00;;MeteoSchweiz
ANT;ths200dn;12;01.01.1971 00:00;;MeteoSchweiz
ANT;ths200m0;1;01.01.1864 00:00;;MeteoSchweiz
ANT;ths200y0;1;01.01.1864 00:00;;MeteoSchweiz
ANT;ths20nm0;12;01.01.1971 00:00;;MeteoSchweiz
ANT;ths20ny0;12;01.01.1971 00:00;;MeteoSchweiz
ANT;ths2dymn;12;01.01.1971 00:00;;MeteoSchweiz
ANT;ths2dyyn;12;01.01.1971 00:00;;MeteoSchweiz
ANT;xhs000m0;1;01.01.1959 00:00;;MeteoSchweiz
ANT;xhs000y0;1;01.01.1959 00:00;;MeteoSchweiz
ANT;xhs00om0;1;01.01.1959 00:00;;MeteoSchweiz
ANT;xhs00oy0;1;01.01.1959 00:00;;MeteoSchweiz
ANT;xhs012m0;1;01.01.1961 00:00;;MeteoSchweiz
ANT;xhs012y0;1;01.01.1961 00:00;;MeteoSchweiz
BAS;fh9120mv;12;01.01.1981 00:00;;MeteoSchweiz
BAS;fh9120yv;12;01.01.1981 00:00;;MeteoSchweiz
BAS;fhs010m0;12;01.01.1981 00:00;;MeteoSchweiz
BAS;fhs010y0;12;01.01.1981 00:00;;MeteoSchweiz
BAS;gh9120mv;12;01.01.1981 00:00;;MeteoSchweiz
BAS;gh9120yv;12;01.01.1981 00:00;;MeteoSchweiz
BAS;ghs000m0;12;01.01.1981 00:00;;MeteoSchweiz
BAS;ghs000y0;12;01.01.1981 00:00;;MeteoSchweiz
BAS;ph9120mv;12;01.01.1959 00:00;;MeteoSchweiz
BAS;ph9120yv;12;01.01.1959 00:00;;MeteoSchweiz
BAS;phsstam0;12;01.01.1959 00:00;;MeteoSchweiz
BAS;phsstay0;12;01.01.1959 00:00;;MeteoSchweiz
BAS;pv9120mv;12;01.01.1959 00:00;;MeteoSchweiz
BAS;pv9120yv;12;01.01.1959 00:00;;MeteoSchweiz
BAS;pva2hsm0;12;01.01.1959 00:00;;MeteoSchweiz
BAS;pva2hsy0;12;01.01.1959 00:00;;MeteoSchweiz
BAS;rh9120mv;1;01.01.1864 00:00;;MeteoSchweiz
BAS;rh9120yv;1;01.01.1864 00:00;;MeteoSchweiz
BAS;rhs001m0;1;01.01.1959 00:00;;MeteoSchweiz
BAS;rhs001y0;1;01.01.1959 00:00;;MeteoSchweiz
BAS;rhs001yx;1;01.01.1959 00:00;;MeteoSchweiz
BAS;rhs150m0;1;01.01.1864 00:00;;MeteoSchweiz
BAS;rhs150y0;1;01.01.1864 00:00;;MeteoSchweiz
BAS;rhsdryyx;1;01.01.1959 00:00;;MeteoSchweiz
BAS;sh9120mv;1;01.08.1885 00:00;;MeteoSchweiz
BAS;sh9120yv;1;01.01.1886 00:00;;MeteoSchweiz
BAS;shs000m0;1;01.08.1885 00:00;;MeteoSchweiz
BAS;shs000y0;1;01.01.1886 00:00;;MeteoSchweiz
BAS;th9120dv;1;01.01.1864 00:00;;MeteoSchweiz
BAS;th9120mv;1;01.01.1755 00:00;;MeteoSchweiz
BAS;th9120yv;1;01.01.1755 00:00;;MeteoSchweiz
BAS;th91dndv;1;01.05.1897 00:00;;MeteoSchweiz
BAS;th91dnmv;1;01.05.1897 00:00;;MeteoSchweiz
BAS;th91dnyv;1;01.01.1898 00:00;;MeteoSchweiz
BAS;th91dxdv;1;01.05.1897 00:00;;MeteoSchweiz
BAS;th91dxmv;1;01.05.1897 00:00;;MeteoSchweiz
BAS;th91dxyv;1;01.01.1898 00:00;;MeteoSchweiz
BAS;thl200mn;1;01.01.1959 00:00;;MeteoSchweiz
BAS;thl200mx;1;01.01.1959 00:00;;MeteoSchweiz
BAS;thl200yn;1;01.01.1959 00:00;;MeteoSchweiz
BAS;thl200yx;1;01.01.1959 00:00;;MeteoSchweiz
BAS;ths00nm0;1;01.01.1959 00:00;;MeteoSchweiz
BAS;ths00ny0;1;01.01.1959 00:00;;MeteoSchweiz
BAS;ths00xm0;1;01.01.1959 00:00;;MeteoSchweiz
BAS;ths00xy0;1;01.01.1959 00:00;;MeteoSchweiz
BAS;ths200d0;1;01.01.1864 00:00;;MeteoSchweiz
BAS;ths200dn;1;01.05.1897 00:00;;MeteoSchweiz
BAS;ths200dx;1;01.05.1897 00:00;;MeteoSchweiz
BAS;ths200m0;1;01.01.1755 00:00;;MeteoSchweiz
BAS;ths200y0;1;01.01.1755 00:00;;MeteoSchweiz
BAS;ths20nm0;1;01.01.1959 00:00;;MeteoSchweiz
BAS;ths20ny0;1;01.01.1959 00:00;;MeteoSchweiz
BAS;ths25xm0;1;01.01.1959 00:00;;MeteoSchweiz
BAS;ths25xy0;1;01.01.1959 00:00;;MeteoSchweiz
BAS;ths2dymn;1;01.05.1897 00:00;;MeteoSchweiz
BAS;ths2dymx;1;01.05.1897 00:00;;MeteoSchweiz
BAS;ths2dyyn;1;01.01.1898 00:00;;MeteoSchweiz
BAS;ths2dyyx;1;01.01.1898 00:00;;MeteoSchweiz
BAS;ths30xm0;1;01.01.1959 00:00;;MeteoSchweiz
BAS;ths30xy0;1;01.01.1959 00:00;;MeteoSchweiz
BAS;ths35xm0;1;01.01.1970 00:00;;MeteoSchweiz
BAS;ths35xy0;1;01.01.1970 00:00;;MeteoSchweiz
BAS;xhs000m0;1;01.01.1959 00:00;;MeteoSchweiz
BAS;xhs000y0;1;01.01.1959 00:00;;MeteoSchweiz
BAS;xhs00om0;1;01.01.1959 00:00;;MeteoSchweiz
BAS;xhs00oy0;1;01.01.1959 00:00;;MeteoSchweiz
BAS;xhs012m0;1;01.01.1961 00:00;;MeteoSchweiz
BAS;xhs012y0;1;01.01.1961 00:00;;MeteoSchweiz
BER;fh9120mv;12;01.01.1981 00:00;;MeteoSchweiz
BER;fh9120yv;12;01.01.1981 00:00;;MeteoSchweiz
BER;fhs010m0;12;01.01.1981 00:00;;MeteoSchweiz
BER;fhs010y0;12;01.01.1981 00:00;;MeteoSchweiz
BER;gh9120mv;12;01.01.1981 00:00;;MeteoSchweiz
BER;gh9120yv;12;01.01.1981 00:00;;MeteoSchweiz
BER;ghs000m0;12;01.01.1981 00:00;;MeteoSchweiz
BER;ghs000y0;12;01.01.1981 00:00;;MeteoSchweiz
BER;ph9120mv;12;01.01.1959 00:00;;MeteoSchweiz
BER;ph9120yv;12;01.01.1959 00:00;;MeteoSchweiz
BER;phsstam0;12;01.01.1959 00:00;;MeteoSchweiz
BER;phsstay0;12;01.01.1959 00:00;;MeteoSchweiz
BER;pv9120mv;12;01.01.1959 00:00;;MeteoSchweiz
BER;pv9120yv;12;01.01.1959 00:00;;MeteoSchweiz
BER;pva2hsm0;12;01.01.1959 00:00;;MeteoSchweiz
BER;pva2hsy0;12;01.01.1959 00:00;;MeteoSchweiz
BER;rh9120mv;1;01.01.1864 00:00;;MeteoSchweiz
BER;rh9120yv;1;01.01.1864 00:00;;MeteoSchweiz
BER;rhs001m0;1;01.01.1959 00:00;;MeteoSchweiz
BER;rhs001y0;1;01.01.1959 00:00;;MeteoSchweiz
BER;rhs001yx;1;01.01.1959 00:00;;MeteoSchweiz
BER;rhs150m0;1;01.01.1864 00:00;;MeteoSchweiz
BER;rhs150y0;1;01.01.1864 00:00;;MeteoSchweiz
BER;rhsdryyx;1;01.01.1959 00:00;;MeteoSchweiz
BER;sh9120mv;1;01.04.1886 00:00;;MeteoSchweiz
BER;sh9120yv;1;01.01.1887 00:00;;MeteoSchweiz
BER;shs000m0;1;01.04.1886 00:00;;MeteoSchweiz
BER;shs000y0;1;01.01.1887 00:00;;MeteoSchweiz
BER;th9120dv;1;01.01.1864 00:00;;MeteoSchweiz
BER;th9120mv;1;01.01.1864 00:00;;MeteoSchweiz
BER;th9120yv;1;01.01.1864 00:00;;MeteoSchweiz
BER;th91dndv;1;01.01.1864 00:00;;MeteoSchweiz
BER;th91dnmv;1;01.01.1864 00:00;;MeteoSchweiz
BER;th91dnyv;1;01.01.1864 00:00;;MeteoSchweiz
BER;th91dxdv;1;01.01.1864 00:00;;MeteoSchweiz
BER;th91dxmv;1;01.01.1864 00:00;;MeteoSchweiz
BER;th91dxyv;1;01.01.1864 00:00;;MeteoSchweiz
BER;thl200mn;1;01.01.1959 00:00;;MeteoSchweiz
BER;thl200mx;1;01.01.1959 00:00;;MeteoSchweiz
BER;thl200yn;1;01.01.1959 00:00;;MeteoSchweiz
BER;thl200yx;1;01.01.1959 00:00;;MeteoSchweiz
BER;ths00nm0;1;01.01.1959 00:00;;MeteoSchweiz
BER;ths00ny0;1;01.01.1959 00:00;;MeteoSchweiz
BER;ths00xm0;1;01.01.1959 00:00;;MeteoSchweiz
BER;ths00xy0;1;01.01.1959 00:00;;MeteoSchweiz
BER;ths200d0;1;01.01.1864 00:00;;MeteoSchweiz
BER;ths200dn;1;01.01.1864 00:00;;MeteoSchweiz
BER;ths200dx;1;01.01.1864 00:00;;MeteoSchweiz
BER;ths200m0;1;01.01.1864 00:00;;MeteoSchweiz
BER;ths200y0;1;01.01.1864 00:00;;MeteoSchweiz
BER;ths20nm0;1;01.01.1959 00:00;;MeteoSchweiz
BER;ths20ny0;1;01.01.1959 00:00;;MeteoSchweiz
BER;ths25xm0;1;01.01.1959 00:00;;MeteoSchweiz
BER;ths25xy0;1;01.01.1959 00:00;;MeteoSchweiz
BER;ths2dymn;1;01.01.1864 00:00;;MeteoSchweiz
BER;ths2dymx;1;01.01.1864 00:00;;MeteoSchweiz
BER;ths2dyyn;1;01.01.1864 00:00;;MeteoSchweiz
BER;ths2dyyx;1;01.01.1864 00:00;;MeteoSchweiz
BER;ths30xm0;1;01.01.1959 00:00;;MeteoSchweiz
BER;ths30xy0;1;01.01.1959 00:00;;MeteoSchweiz
BER;ths35xm0;1;01.01.1970 00:00;;MeteoSchweiz
BER;ths35xy0;1;01.01.1970 00:00;;MeteoSchweiz
BER;xhs000m0;1;01.01.1959 00:00;;MeteoSchweiz
BER;xhs000y0;1;01.01.1959 00:00;;MeteoSchweiz
BER;xhs00om0;1;01.01.1959 00:00;;MeteoSchweiz
BER;xhs00oy0;1;01.01.1959 00:00;;MeteoSchweiz
BER;xhs012m0;1;01.01.1961 00:00;;MeteoSchweiz
BER;xhs012y0;1;01.01.1961 00:00;;MeteoSchweiz
CDF;fh9120mv;12;01.01.1981 00:00;;MeteoSchweiz
CDF;fh9120yv;12;01.01.1981 00:00;;MeteoSchweiz
CDF;fhs010m0;12;01.01.1981 00:00;;MeteoSchweiz
CDF;fhs010y0;12;01.01.1981 00:00;;MeteoSchweiz
CDF;gh9120mv;12;01.01.1981 00:00;;MeteoSchweiz
CDF;gh9120yv;12;01.01.1981 00:00;;MeteoSchweiz
CDF;ghs000m0;12;01.01.1981 00:00;;MeteoSchweiz
CDF;ghs000y0;12;01.01.1981 00:00;;MeteoSchweiz
CDF;ph9120mv;12;01.01.1959 00:00;;MeteoSchweiz
CDF;ph9120yv;12;01.01.1959 00:00;;MeteoSchweiz
CDF;phsstam0;12;01.01.1959 00:00;;MeteoSchweiz
CDF;phsstay0;12;01.01.1959 00:00;;MeteoSchweiz
CDF;pv9120mv;12;01.01.1959 00:00;;MeteoSchweiz
CDF;pv9120yv;12;01.01.1959 00:00;;MeteoSchweiz
CDF;pva2hsm0;12;01.01.1959 00:00;;MeteoSchweiz
CDF;pva2hsy0;12;01.01.1959 00:00;;MeteoSchweiz
CDF;rh9120mv;1;01.01.1900 00:00;;MeteoSchweiz
CDF;rh9120yv;1;01.01.1900 00:00;;MeteoSchweiz
CDF;rhs001m0;1;01.01.1959 00:00;;MeteoSchweiz
CDF;rhs001y0;1;01.01.1959 00:00;;MeteoSchweiz
CDF;rhs001yx;1;01.01.1959 00:00;;MeteoSchweiz
CDF;rhs150m0;1;01.01.1900 00:00;;MeteoSchweiz
CDF;rhs150y0;1;01.01.1900 00:00;;MeteoSchweiz
CDF;rhsdryyx;1;01.01.1959 00:00;;MeteoSchweiz
CDF;sh9120mv;1;01.01.1901 00:00;;MeteoSchweiz
CDF;sh9120yv;1;01.01.1901 00:00;;MeteoSchweiz
CDF;shs000m0;1;01.01.1901 00:00;;MeteoSchweiz
CDF;shs000y0;1;01.01.1901 00:00;;MeteoSchweiz
CDF;th9120dv;1;01.01.1901 00:00;;MeteoSchweiz
CDF;th9120mv;1;01.01.1901 00:00;;MeteoSchweiz
CDF;th9120yv;1;01.01.1901 00:00;;MeteoSchweiz
CDF;th91dndv;1;01.01.1901 00:00;;MeteoSchweiz
CDF;th91dnmv;1;01.01.1901 00:00;;MeteoSchweiz
CDF;th91dnyv;1;01.01.1901 00:00;;MeteoSchweiz
CDF;th91dxdv;1;01.01.1959 00:00;;MeteoSchweiz
CDF;th91dxmv;1;01.01.1959 00:00;;MeteoSchweiz
CDF;th91dxyv;1;01.01.1959 00:00;;MeteoSchweiz
CDF;thl200mn;1;01.01.1959 00:00;;MeteoSchweiz
CDF;thl200mx;1;01.01.1959 00:00;;MeteoSchweiz
CDF;thl200yn;1;01.01.1959 00:00;;MeteoSchweiz
CDF;thl200yx;1;01.01.1959 00:00;;MeteoSchweiz
CDF;ths00nm0;1;01.01.1959 00:00;;MeteoSchweiz
CDF;ths00ny0;1;01.01.1959 00:00;;MeteoSchweiz
CDF;ths00xm0;1;01.01.1959 00:00;;MeteoSchweiz
CDF;ths00xy0;1;01.01.1959 00:00;;MeteoSchweiz
CDF;ths200d0;1;01.01.1901 00:00;;MeteoSchweiz
CDF;ths200dn;1;01.01.1901 00:00;;MeteoSchweiz
CDF;ths200dx;1;01.01.1959 00:00;;MeteoSchweiz
CDF;ths200m0;1;01.01.1901 00:00;;MeteoSchweiz
CDF;ths200y0;1;01.01.1901 00:00;;MeteoSchweiz
CDF;ths20nm0;1;01.01.1959 00:00;;MeteoSchweiz
CDF;ths20ny0;1;01.01.1959 00:00;;MeteoSchweiz
CDF;ths25xm0;1;01.01.1959 00:00;;MeteoSchweiz
CDF;ths25xy0;1;01.01.1959 00:00;;MeteoSchweiz
CDF;ths2dymn;1;01.01.1901 00:00;;MeteoSchweiz
CDF;ths2dymx;1;01.01.1959 00:00;;MeteoSchweiz
CDF;ths2dyyn;1;01.01.1901 00:00;;MeteoSchweiz
CDF;ths2dyyx;1;01.01.1959 00:00;;MeteoSchweiz
CDF;ths30xm0;1;01.01.1959 00:00;;MeteoSchweiz
CDF;ths30xy0;1;01.01.1959 00:00;;MeteoSchweiz
CDF;ths35xm0;1;01.01.1970 00:00;;MeteoSchweiz
CDF;ths35xy0;1;01.01.1970 00:00;;MeteoSchweiz
CDF;xhs000m0;1;01.01.1959 00:00;;MeteoSchweiz
CDF;xhs000y0;1;01.01.1959 00:00;;MeteoSchweiz
CDF;xhs00om0;1;01.01.1959 00:00;;MeteoSchweiz
CDF;xhs00oy0;1;01.01.1959 00:00;;MeteoSchweiz
CDF;xhs012m0;1;01.01.1961 00:00;;MeteoSchweiz
CDF;xhs012y0;1;01.01.1961 00:00;;MeteoSchweiz
CHD;ph9120mv;12;01.01.1959 00:00;;MeteoSchweiz
CHD;ph9120yv;12;01.01.1959 00:00;;MeteoSchweiz
CHD;phsstam0;12;01.01.1959 00:00;;MeteoSchweiz
CHD;phsstay0;12;01.01.1959 00:00;;MeteoSchweiz
CHD;pv9120mv;12;01.01.1959 00:00;;MeteoSchweiz
CHD;pv9120yv;12;01.01.1959 00:00;;MeteoSchweiz
CHD;pva2hsm0;12;01.01.1959 00:00;;MeteoSchweiz
CHD;pva2hsy0;12;01.01.1959 00:00;;MeteoSchweiz
CHD;rh9120mv;1;01.01.1879 00:00;;MeteoSchweiz
CHD;rh9120yv;1;01.01.1879 00:00;;MeteoSchweiz
CHD;rhs001m0;1;01.01.1959 00:00;;MeteoSchweiz
CHD;rhs001y0;1;01.01.1959 00:00;;MeteoSchweiz
CHD;rhs001yx;1;01.01.1959 00:00;;MeteoSchweiz
CHD;rhs150m0;1;01.01.1879 00:00;;MeteoSchweiz
CHD;rhs150y0;1;01.01.1879 00:00;;MeteoSchweiz
CHD;rhsdryyx;1;01.01.1959 00:00;;MeteoSchweiz
CHD;th9120dv;1;01.01.1879 00:00;;MeteoSchweiz
CHD;th9120mv;1;01.01.1879 00:00;;MeteoSchweiz
CHD;th9120yv;1;01.01.1879 00:00;;MeteoSchweiz
CHD;th91dndv;1;01.01.1931 00:00;;MeteoSchweiz
CHD;th91dnmv;1;01.01.1931 00:00;;MeteoSchweiz
CHD;th91dnyv;1;01.01.1931 00:00;;MeteoSchweiz
CHD;th91dxdv;1;01.10.1936 00:00;;MeteoSchweiz
CHD;th91dxmv;1;01.10.1936 00:00;;MeteoSchweiz
CHD;th91dxyv;1;01.01.1937 00:00;;MeteoSchweiz
CHD;thl200mn;1;01.01.1959 00:00;;MeteoSchweiz
CHD;thl200mx;1;01.01.1959 00:00;;MeteoSchweiz
CHD;thl200yn;1;01.01.1959 00:00;;MeteoSchweiz
CHD;thl200yx;1;01.01.1959 00:00;;MeteoSchweiz
CHD;ths00nm0;1;01.01.1959 00:00;;MeteoSchweiz
CHD;ths00ny0;1;01.01.1959 00:00;;MeteoSchweiz
CHD;ths00xm0;1;01.01.1959 00:00;;MeteoSchweiz
CHD;ths00xy0;1;01.01.1959 00:00;;MeteoSchweiz
CHD;ths200d0;1;01.01.1879 00:00;;MeteoSchweiz
CHD;ths200dn;1;01.01.1931 00:00;;MeteoSchweiz
CHD;ths200dx;1;01.10.1936 00:00;;MeteoSchweiz
CHD;ths200m0;1;01.01.1879 00:00;;MeteoSchweiz
CHD;ths200y0;1;01.01.1879 00:00;;MeteoSchweiz
CHD;ths20nm0;1;01.01.1959 00:00;;MeteoSchweiz
CHD;ths20ny0;1;01.01.1959 00:00;;MeteoSchweiz
CHD;ths25xm0;1;01.01.1959 00:00;;MeteoSchweiz
CHD;ths25xy0;1;01.01.1959 00:00;;MeteoSchweiz
CHD;ths2dymn;1;01.01.1931 00:00;;MeteoSchweiz
CHD;ths2dymx;1;01.10.1936 00:00;;MeteoSchweiz
CHD;ths2dyyn;1;01.01.1931 00:00;;MeteoSchweiz
CHD;ths2dyyx;1;01.01.1937 00:00;;MeteoSchweiz
CHD;ths30xm0;1;01.01.1959 00:00;;MeteoSchweiz
CHD;ths30xy0;1;01.01.1959 00:00;;MeteoSchweiz
CHD;ths35xm0;1;01.01.1970 00:00;;MeteoSchweiz
CHD;ths35xy0;1;01.01.1970 00:00;;MeteoSchweiz
CHD;xhs000m0;1;01.01.1959 00:00;;MeteoSchweiz
CHD;xhs000y0;1;01.01.1959 00:00;;MeteoSchweiz
CHD;xhs00om0;1;01.01.1959 00:00;;MeteoSchweiz
CHD;xhs00oy0;1;01.01.1959 00:00;;MeteoSchweiz
CHD;xhs012m0;1;01.01.1961 00:00;;MeteoSchweiz
CHD;xhs012y0;1;01.01.1961 00:00;;MeteoSchweiz
CHM;ph9120mv;12;01.01.1959 00:00;;MeteoSchweiz
CHM;ph9120yv;12;01.01.1959 00:00;;MeteoSchweiz
CHM;phsstam0;12;01.01.1959 00:00;;MeteoSchweiz
CHM;phsstay0;12;01.01.1959 00:00;;MeteoSchweiz
CHM;pv9120mv;12;01.01.1959 00:00;;MeteoSchweiz
CHM;pv9120yv;12;01.01.1959 00:00;;MeteoSchweiz
CHM;pva2hsm0;12;01.01.1959 00:00;;MeteoSchweiz
CHM;pva2hsy0;12;01.01.1959 00:00;;MeteoSchweiz
CHM;rh9120mv;1;01.01.1864 00:00;;MeteoSchweiz
CHM;rh9120yv;1;01.01.1864 00:00;;MeteoSchweiz
CHM;rhs001m0;1;01.01.1959 00:00;;MeteoSchweiz
CHM;rhs001y0;1;01.01.1959 00:00;;MeteoSchweiz
CHM;rhs001yx;1;01.01.1959 00:00;;MeteoSchweiz
CHM;rhs150m0;1;01.01.1864 00:00;;MeteoSchweiz
CHM;rhs150y0;1;01.01.1864 00:00;;MeteoSchweiz
CHM;rhsdryyx;1;01.01.1959 00:00;;MeteoSchweiz
CHM;th9120dv;1;01.01.1864 00:00;;MeteoSchweiz
CHM;th9120mv;1;01.01.1864 00:00;;MeteoSchweiz
CHM;th9120yv;1;01.01.1864 00:00;;MeteoSchweiz
CHM;th91dndv;12;01.12.1963 00:00;;MeteoSchweiz
CHM;th91dnmv;12;01.12.1963 00:00;;MeteoSchweiz
CHM;th91dnyv;12;01.01.1964 00:00;;MeteoSchweiz
CHM;th91dxdv;12;01.12.1963 00:00;;MeteoSchweiz
CHM;th91dxmv;12;01.12.1963 00:00;;MeteoSchweiz
CHM;th91dxyv;12;01.01.1964 00:00;;MeteoSchweiz
CHM;thl200mn;12;01.12.1963 00:00;;MeteoSchweiz
CHM;thl200yn;12;01.01.1964 00:00;;MeteoSchweiz
CHM;ths00nm0;12;01.12.1963 00:00;;MeteoSchweiz
CHM;ths00ny0;12;01.01.1964 00:00;;MeteoSchweiz
CHM;ths200d0;1;01.01.1864 00:00;;MeteoSchweiz
CHM;ths200dn;12;01.12.1963 00:00;;MeteoSchweiz
CHM;ths200dx;12;01.12.1963 00:00;;MeteoSchweiz
CHM;ths200m0;1;01.01.1864 00:00;;MeteoSchweiz
CHM;ths200y0;1;01.01.1864 00:00;;MeteoSchweiz
CHM;ths20nm0;12;01.12.1963 00:00;;MeteoSchweiz
CHM;ths20ny0;12;01.01.1964 00:00;;MeteoSchweiz
CHM;ths2dymn;12;01.12.1963 00:00;;MeteoSchweiz
CHM;ths2dymx;12;01.12.1963 00:00;;MeteoSchweiz
CHM;ths2dyyn;12;01.01.1964 00:00;;MeteoSchweiz
CHM;ths2dyyx;12;01.01.1964 00:00;;MeteoSchweiz
CHM;xhs000m0;1;01.01.1959 00:00;;MeteoSchweiz
CHM;xhs000y0;1;01.01.1959 00:00;;MeteoSchweiz
CHM;xhs00om0;1;01.01.1959 00:00;;MeteoSchweiz
CHM;xhs00oy0;1;01.01.1959 00:00;;MeteoSchweiz
CHM;xhs012m0;1;01.01.1961 00:00;;MeteoSchweiz
CHM;xhs012y0;1;01.01.1961 00:00;;MeteoSchweiz
DAV;fh9120mv;12;01.01.1981 00:00;;MeteoSchweiz
DAV;fh9120yv;12;01.01.1981 00:00;;MeteoSchweiz
DAV;fhs010m0;12;01.01.1981 00:00;;MeteoSchweiz
DAV;fhs010y0;12;01.01.1981 00:00;;MeteoSchweiz
DAV;gh9120mv;12;01.01.1981 00:00;;MeteoSchweiz
DAV;gh9120yv;12;01.01.1981 00:00;;MeteoSchweiz
DAV;ghs000m0;12;01.01.1981 00:00;;MeteoSchweiz
DAV;ghs000y0;12;01.01.1981 00:00;;MeteoSchweiz
DAV;ph9120mv;12;01.01.1959 00:00;;MeteoSchweiz
DAV;ph9120yv;12;01.01.1959 00:00;;MeteoSchweiz
DAV;phsstam0;12;01.01.1959 00:00;;MeteoSchweiz
DAV;phsstay0;12;01.01.1959 00:00;;MeteoSchweiz
DAV;pv9120mv;12;01.01.1959 00:00;;MeteoSchweiz
DAV;pv9120yv;12;01.01.1959 00:00;;MeteoSchweiz
DAV;pva2hsm0;12;01.01.1959 00:00;;MeteoSchweiz
DAV;pva2hsy0;12;01.01.1959 00:00;;MeteoSchweiz
DAV;rh9120mv;1;01.12.1866 00:00;;MeteoSchweiz
DAV;rh9120yv;1;01.01.1867 00:00;;MeteoSchweiz
DAV;rhs001m0;1;01.01.1959 00:00;;MeteoSchweiz
DAV;rhs001y0;1;01.01.1959 00:00;;MeteoSchweiz
DAV;rhs001yx;1;01.01.1959 00:00;;MeteoSchweiz
DAV;rhs150m0;1;01.12.1866 00:00;;MeteoSchweiz
DAV;rhs150y0;1;01.01.1867 00:00;;MeteoSchweiz
DAV;rhsdryyx;1;01.01.1959 00:00;;MeteoSchweiz
DAV;sh9120mv;1;01.09.1884 00:00;;MeteoSchweiz
DAV;sh9120yv;1;01.01.1885 00:00;;MeteoSchweiz
DAV;shs000m0;1;01.09.1884 00:00;;MeteoSchweiz
DAV;shs000y0;1;01.01.1885 00:00;;MeteoSchweiz
DAV;th9120dv;1;01.01.1867 00:00;;MeteoSchweiz
DAV;th9120mv;1;01.01.1864 00:00;;MeteoSchweiz
DAV;th9120yv;1;01.01.1864 00:00;;MeteoSchweiz
DAV;th91dndv;1;01.09.1889 00:00;;MeteoSchweiz
DAV;th91dnmv;1;01.09.1889 00:00;;MeteoSchweiz
DAV;th91dnyv;1;01.01.1890 00:00;;MeteoSchweiz
DAV;th91dxdv;1;01.09.1889 00:00;;MeteoSchweiz
DAV;th91dxmv;1;01.09.1889 00:00;;MeteoSchweiz
DAV;th91dxyv;1;01.01.1890 00:00;;MeteoSchweiz
DAV;thl200mn;1;01.01.1959 00:00;;MeteoSchweiz
DAV;thl200mn;12;01.06.2006 00:00;01.12.2015 00:00;MeteoSchweiz
DAV;thl200mx;1;01.01.1959 00:00;;MeteoSchweiz
DAV;thl200yn;1;01.01.1959 00:00;;MeteoSchweiz
DAV;thl200yn;12;01.01.2006 00:00;01.01.2015 00:00;MeteoSchweiz
DAV;thl200yx;1;01.01.1959 00:00;;MeteoSchweiz
DAV;ths00nm0;1;01.01.1959 00:00;;MeteoSchweiz
DAV;ths00nm0;12;01.06.2006 00:00;01.12.2015 00:00;MeteoSchweiz
DAV;ths00ny0;1;01.01.1959 00:00;;MeteoSchweiz
DAV;ths00ny0;12;01.01.2006 00:00;01.01.2015 00:00;MeteoSchweiz
DAV;ths00xm0;1;01.01.1959 00:00;;MeteoSchweiz
DAV;ths00xy0;1;01.01.1959 00:00;;MeteoSchweiz
DAV;ths200d0;1;01.01.1867 00:00;;MeteoSchweiz
DAV;ths200dn;1;01.09.1889 00:00;;MeteoSchweiz
DAV;ths200dx;1;01.09.1889 00:00;;MeteoSchweiz
DAV;ths200m0;1;01.01.1864 00:00;;MeteoSchweiz
DAV;ths200y0;1;01.01.1864 00:00;;MeteoSchweiz
DAV;ths20nm0;1;01.01.1959 00:00;;MeteoSchweiz
DAV;ths20nm0;12;01.06.2006 00:00;01.12.2015 00:00;MeteoSchweiz
DAV;ths20ny0;1;01.01.1959 00:00;;MeteoSchweiz
DAV;ths20ny0;12;01.01.2006 00:00;01.01.2015 00:00;MeteoSchweiz
DAV;ths25xm0;1;01.01.1959 00:00;;MeteoSchweiz
DAV;ths25xy0;1;01.01.1959 00:00;;MeteoSchweiz
DAV;ths2dymn;1;01.09.1889 00:00;;MeteoSchweiz
DAV;ths2dymx;1;01.09.1889 00:00;;MeteoSchweiz
DAV;ths2dyyn;1;01.01.1890 00:00;;MeteoSchweiz
DAV;ths2dyyx;1;01.01.1890 00:00;;MeteoSchweiz
DAV;ths30xm0;1;01.01.1959 00:00;;MeteoSchweiz
DAV;ths30xy0;1;01.01.1959 00:00;;MeteoSchweiz
DAV;ths35xm0;1;01.01.1970 00:00;;MeteoSchweiz
DAV;ths35xy0;1;01.01.1970 00:00;;MeteoSchweiz
DAV;xhs000m0;1;01.01.1959 00:00;;MeteoSchweiz
DAV;xhs000y0;1;01.01.1959 00:00;;MeteoSchweiz
DAV;xhs00om0;1;01.01.1959 00:00;;MeteoSchweiz
DAV;xhs00oy0;1;01.01.1959 00:00;;MeteoSchweiz
DAV;xhs012m0;1;01.01.1961 00:00;;MeteoSchweiz
DAV;xhs012y0;1;01.01.1961 00:00;;MeteoSchweiz
ELM;pv9120mv;12;01.01.1959 00:00;;MeteoSchweiz
ELM;pv9120yv;12;01.01.1959 00:00;;MeteoSchweiz
ELM;pva2hsm0;12;01.01.1959 00:00;;MeteoSchweiz
ELM;pva2hsy0;12;01.01.1959 00:00;;MeteoSchweiz
ELM;rh9120mv;1;01.02.1878 00:00;;MeteoSchweiz
ELM;rh9120yv;1;01.01.1879 00:00;;MeteoSchweiz
ELM;rhs001m0;1;01.01.1959 00:00;;MeteoSchweiz
ELM;rhs001y0;1;01.01.1959 00:00;;MeteoSchweiz
ELM;rhs001yx;1;01.01.1959 00:00;;MeteoSchweiz
ELM;rhs150m0;1;01.02.1878 00:00;;MeteoSchweiz
ELM;rhs150y0;1;01.01.1879 00:00;;MeteoSchweiz
ELM;rhsdryyx;1;01.01.1959 00:00;;MeteoSchweiz
ELM;th9120dv;1;01.02.1878 00:00;;MeteoSchweiz
ELM;th9120mv;1;01.02.1878 00:00;;MeteoSchweiz
ELM;th9120yv;1;01.01.1879 00:00;;MeteoSchweiz
ELM;th91dndv;12;01.01.1971 00:00;;MeteoSchweiz
ELM;th91dnmv;12;01.01.1971 00:00;;MeteoSchweiz
ELM;th91dnyv;12;01.01.1971 00:00;;MeteoSchweiz
ELM;th91dxdv;12;01.01.1972 00:00;;MeteoSchweiz
ELM;th91dxmv;12;01.01.1972 00:00;;MeteoSchweiz
ELM;th91dxyv;12;01.01.1972 00:00;;MeteoSchweiz
ELM;thl200mn;12;01.01.1971 00:00;;MeteoSchweiz
ELM;thl200yn;12;01.01.1971 00:00;;MeteoSchweiz
ELM;ths00nm0;12;01.01.1971 00:00;;MeteoSchweiz
ELM;ths00ny0;12;01.01.1971 00:00;;MeteoSchweiz
ELM;ths200d0;1;01.02.1878 00:00;;MeteoSchweiz
ELM;ths200dn;12;01.01.1971 00:00;;MeteoSchweiz
ELM;ths200dx;12;01.01.1972 00:00;;MeteoSchweiz
ELM;ths200m0;1;01.02.1878 00:00;;MeteoSchweiz
ELM;ths200y0;1;01.01.1879 00:00;;MeteoSchweiz
ELM;ths20nm0;12;01.01.1971 00:00;;MeteoSchweiz
ELM;ths20ny0;12;01.01.1971 00:00;;MeteoSchweiz
ELM;ths2dymn;12;01.01.1971 00:00;;MeteoSchweiz
ELM;ths2dymx;12;01.01.1972 00:00;;MeteoSchweiz
ELM;ths2dyyn;12;01.01.1971 00:00;;MeteoSchweiz
ELM;ths2dyyx;12;01.01.1972 00:00;;MeteoSchweiz
ELM;xhs000m0;1;01.01.1959 00:00;;MeteoSchweiz
ELM;xhs000y0;1;01.01.1959 00:00;;MeteoSchweiz
ELM;xhs00om0;1;01.01.1959 00:00;;MeteoSchweiz
ELM;xhs00oy0;1;01.01.1959 00:00;;MeteoSchweiz
ELM;xhs012m0;1;01.01.1961 00:00;;MeteoSchweiz
ELM;xhs012y0;1;01.01.1961 00:00;;MeteoSchweiz
ENG;fh9120mv;12;01.11.1982 00:00;;MeteoSchweiz
ENG;fh9120yv;12;01.01.1983 00:00;;MeteoSchweiz
ENG;fhs010m0;12;01.11.1982 00:00;;MeteoSchweiz
ENG;fhs010y0;12;01.01.1983 00:00;;MeteoSchweiz
ENG;gh9120mv;12;01.11.1982 00:00;;MeteoSchweiz
ENG;gh9120yv;12;01.01.1983 00:00;;MeteoSchweiz
ENG;ghs000m0;12;01.11.1982 00:00;;MeteoSchweiz
ENG;ghs000y0;12;01.01.1983 00:00;;MeteoSchweiz
ENG;ph9120mv;12;01.01.1959 00:00;;MeteoSchweiz
ENG;ph9120yv;12;01.01.1959 00:00;;MeteoSchweiz
ENG;phsstam0;12;01.01.1959 00:00;;MeteoSchweiz
ENG;phsstay0;12;01.01.1959 00:00;;MeteoSchweiz
ENG;pv9120mv;12;01.01.1959 00:00;;MeteoSchweiz
ENG;pv9120yv;12;01.01.1959 00:00;;MeteoSchweiz
ENG;pva2hsm0;12;01.01.1959 00:00;;MeteoSchweiz
ENG;pva2hsy0;12;01.01.1959 00:00;;MeteoSchweiz
ENG;rh9120mv;1;01.01.1864 00:00;;MeteoSchweiz
ENG;rh9120yv;1;01.01.1864 00:00;;MeteoSchweiz
ENG;rhs001m0;1;01.01.1959 00:00;;MeteoSchweiz
ENG;rhs001y0;1;01.01.1959 00:00;;MeteoSchweiz
ENG;rhs001yx;1;01.01.1959 00:00;;MeteoSchweiz
ENG;rhs150m0;1;01.01.1864 00:00;;MeteoSchweiz
ENG;rhs150y0;1;01.01.1864 00:00;;MeteoSchweiz
ENG;rhsdryyx;1;01.01.1959 00:00;;MeteoSchweiz
ENG;sh9120mv;12;01.10.1969 00:00;;MeteoSchweiz
ENG;sh9120yv;12;01.01.1970 00:00;;MeteoSchweiz
ENG;shs000m0;12;01.10.1969 00:00;;MeteoSchweiz
ENG;shs000y0;12;01.01.1970 00:00;;MeteoSchweiz
ENG;th9120dv;1;01.01.1864 00:00;;MeteoSchweiz
ENG;th9120mv;1;01.01.1864 00:00;;MeteoSchweiz
ENG;th9120yv;1;01.01.1864 00:00;;MeteoSchweiz
ENG;th91dndv;12;01.09.1969 00:00;;MeteoSchweiz
ENG;th91dnmv;12;01.09.1969 00:00;;MeteoSchweiz
ENG;th91dnyv;12;01.01.1970 00:00;;MeteoSchweiz
ENG;th91dxdv;12;01.09.1969 00:00;;MeteoSchweiz
ENG;th91dxmv;12;01.09.1969 00:00;;MeteoSchweiz
ENG;th91dxyv;12;01.01.1970 00:00;;MeteoSchweiz
ENG;thl200mn;12;01.09.1969 00:00;;MeteoSchweiz
ENG;thl200yn;12;01.01.1970 00:00;;MeteoSchweiz
ENG;ths00nm0;12;01.09.1969 00:00;;MeteoSchweiz
ENG;ths00ny0;12;01.01.1970 00:00;;MeteoSchweiz
ENG;ths200d0;1;01.01.1864 00:00;;MeteoSchweiz
ENG;ths200dn;12;01.09.1969 00:00;;MeteoSchweiz
ENG;ths200dx;12;01.09.1969 00:00;;MeteoSchweiz
ENG;ths200m0;1;01.01.1864 00:00;;MeteoSchweiz
ENG;ths200y0;1;01.01.1864 00:00;;MeteoSchweiz
ENG;ths20nm0;12;01.09.1969 00:00;;MeteoSchweiz
ENG;ths20ny0;12;01.01.1970 00:00;;MeteoSchweiz
ENG;ths2dymn;12;01.09.1969 00:00;;MeteoSchweiz
ENG;ths2dymx;12;01.09.1969 00:00;;MeteoSchweiz
ENG;ths2dyyn;12;01.01.1970 00:00;;MeteoSchweiz
ENG;ths2dyyx;12;01.01.1970 00:00;;MeteoSchweiz
ENG;xhs000m0;1;01.01.1959 00:00;;MeteoSchweiz
ENG;xhs000y0;1;01.01.1959 00:00;;MeteoSchweiz
ENG;xhs00om0;1;01.01.1959 00:00;;MeteoSchweiz
ENG;xhs00oy0;1;01.01.1959 00:00;;MeteoSchweiz
ENG;xhs012m0;1;01.01.1961 00:00;;MeteoSchweiz
ENG;xhs012y0;1;01.01.1961 00:00;;MeteoSchweiz
GRC;pv9120mv;12;01.08.1967 00:00;;MeteoSchweiz
GRC;pv9120yv;12;01.01.1968 00:00;;MeteoSchweiz
GRC;pva2hsm0;12;01.08.1967 00:00;;MeteoSchweiz
GRC;pva2hsy0;12;01.01.1968 00:00;;MeteoSchweiz
GRC;rh9120mv;1;01.01.1901 00:00;;MeteoSchweiz
GRC;rh9120yv;1;01.01.1901 00:00;;MeteoSchweiz
GRC;rhs001m0;1;01.01.1959 00:00;;MeteoSchweiz
GRC;rhs001y0;1;01.01.1959 00:00;;MeteoSchweiz
GRC;rhs001yx;1;01.01.1959 00:00;;MeteoSchweiz
GRC;rhs150m0;1;01.01.1901 00:00;;MeteoSchweiz
GRC;rhs150y0;1;01.01.1901 00:00;;MeteoSchweiz
GRC;rhsdryyx;1;01.01.1959 00:00;;MeteoSchweiz
GRC;th9120dv;1;01.01.1864 00:00;;MeteoSchweiz
GRC;th9120mv;1;01.01.1864 00:00;;MeteoSchweiz
GRC;th9120yv;1;01.01.1864 00:00;;MeteoSchweiz
GRC;th91dndv;12;01.08.1967 00:00;;MeteoSchweiz
GRC;th91dnmv;12;01.08.1967 00:00;;MeteoSchweiz
GRC;th91dnyv;12;01.01.1968 00:00;;MeteoSchweiz
GRC;th91dxdv;12;01.08.1967 00:00;;MeteoSchweiz
GRC;th91dxmv;12;01.08.1967 00:00;;MeteoSchweiz
GRC;th91dxyv;12;01.01.1968 00:00;;MeteoSchweiz
GRC;thl200mn;12;01.08.1967 00:00;;MeteoSchweiz
GRC;thl200yn;12;01.01.1968 00:00;;MeteoSchweiz
GRC;ths00nm0;12;01.08.1967 00:00;;MeteoSchweiz
GRC;ths00ny0;12;01.01.1968 00:00;;MeteoSchweiz
GRC;ths200d0;1;01.01.1864 00:00;;MeteoSchweiz
GRC;ths200dn;12;01.08.1967 00:00;;MeteoSchweiz
GRC;ths200dx;12;01.08.1967 00:00;;MeteoSchweiz
GRC;ths200m0;1;01.01.1864 00:00;;MeteoSchweiz
GRC;ths200y0;1;01.01.1864 00:00;;MeteoSchweiz
GRC;ths20nm0;12;01.08.1967 00:00;;MeteoSchweiz
GRC;ths20ny0;12;01.01.1968 00:00;;MeteoSchweiz
GRC;ths2dymn;12;01.08.1967 00:00;;MeteoSchweiz
GRC;ths2dymx;12;01.08.1967 00:00;;MeteoSchweiz
GRC;ths2dyyn;12;01.01.1968 00:00;;MeteoSchweiz
GRC;ths2dyyx;12;01.01.1968 00:00;;MeteoSchweiz
GRC;xhs000m0;1;01.01.1959 00:00;;MeteoSchweiz
GRC;xhs000y0;1;01.01.1959 00:00;;MeteoSchweiz
GRC;xhs00om0;1;01.01.1959 00:00;;MeteoSchweiz
GRC;xhs00oy0;1;01.01.1959 00:00;;MeteoSchweiz
GRC;xhs012m0;1;01.01.1961 00:00;;MeteoSchweiz
GRC;xhs012y0;1;01.01.1961 00:00;;MeteoSchweiz
GRH;fh9120mv;12;01.05.1989 00:00;;MeteoSchweiz
GRH;fh9120yv;12;01.01.1990 00:00;;MeteoSchweiz
GRH;fhs010m0;12;01.05.1989 00:00;;MeteoSchweiz
GRH;fhs010y0;12;01.01.1990 00:00;;MeteoSchweiz
GRH;gh9120mv;12;01.05.1989 00:00;;MeteoSchweiz
GRH;gh9120yv;12;01.01.1990 00:00;;MeteoSchweiz
GRH;ghs000m0;12;01.05.1989 00:00;;MeteoSchweiz
GRH;ghs000y0;12;01.01.1990 00:00;;MeteoSchweiz
GRH;ph9120mv;12;01.01.1959 00:00;;MeteoSchweiz
GRH;ph9120yv;12;01.01.1959 00:00;;MeteoSchweiz
GRH;phsstam0;12;01.01.1959 00:00;;MeteoSchweiz
GRH;phsstay0;12;01.01.1959 00:00;;MeteoSchweiz
GRH;pv9120mv;12;01.01.1959 00:00;;MeteoSchweiz
GRH;pv9120yv;12;01.01.1959 00:00;;MeteoSchweiz
GRH;pva2hsm0;12;01.01.1959 00:00;;MeteoSchweiz
GRH;pva2hsy0;12;01.01.1959 00:00;;MeteoSchweiz
GRH;rh9120mv;1;01.01.1932 00:00;;MeteoSchweiz
GRH;rh9120yv;1;01.01.1932 00:00;;MeteoSchweiz
GRH;rhs001m0;1;01.01.1959 00:00;;MeteoSchweiz
GRH;rhs001y0;1;01.01.1959 00:00;;MeteoSchweiz
GRH;rhs001yx;1;01.01.1959 00:00;;MeteoSchweiz
GRH;rhs150m0;1;01.01.1932 00:00;;MeteoSchweiz
GRH;rhs150y0;1;01.01.1932 00:00;;MeteoSchweiz
GRH;rhsdryyx;1;01.01.1959 00:00;;MeteoSchweiz
GRH;sh9120mv;12;01.01.1986 00:00;;MeteoSchweiz
GRH;sh9120yv;12;01.01.1986 00:00;;MeteoSchweiz
GRH;shs000m0;12;01.01.1986 00:00;;MeteoSchweiz
GRH;shs000y0;12;01.01.1986 00:00;;MeteoSchweiz
GRH;th9120dv;1;01.01.1932 00:00;;MeteoSchweiz
GRH;th9120mv;1;01.01.1932 00:00;;MeteoSchweiz
GRH;th9120yv;1;01.01.1932 00:00;;MeteoSchweiz
GRH;th91dndv;12;01.01.1971 00:00;;MeteoSchweiz
GRH;th91dnmv;12;01.01.1971 00:00;;MeteoSchweiz
GRH;th91dnyv;12;01.01.1971 00:00;;MeteoSchweiz
GRH;th91dxdv;12;01.06.1971 00:00;;MeteoSchweiz
GRH;th91dxmv;12;01.06.1971 00:00;;MeteoSchweiz
GRH;th91dxyv;12;01.01.1972 00:00;;MeteoSchweiz
GRH;thl200mn;12;01.01.1971 00:00;;MeteoSchweiz
GRH;thl200yn;12;01.01.1971 00:00;;MeteoSchweiz
GRH;ths00nm0;12;01.01.1971 00:00;;MeteoSchweiz
GRH;ths00ny0;12;01.01.1971 00:00;;MeteoSchweiz
GRH;ths200d0;1;01.01.1932 00:00;;MeteoSchweiz
GRH;ths200dn;12;01.01.1971 00:00;;MeteoSchweiz
GRH;ths200dx;12;01.06.1971 00:00;;MeteoSchweiz
GRH;ths200m0;1;01.01.1932 00:00;;MeteoSchweiz
GRH;ths200y0;1;01.01.1932 00:00;;MeteoSchweiz
GRH;ths20nm0;12;01.01.1971 00:00;;MeteoSchweiz
GRH;ths20ny0;12;01.01.1971 00:00;;MeteoSchweiz
GRH;ths2dymn;12;01.01.1971 00:00;;MeteoSchweiz
GRH;ths2dymx;12;01.06.1971 00:00;;MeteoSchweiz
GRH;ths2dyyn;12;01.01.1971 00:00;;MeteoSchweiz
GRH;ths2dyyx;12;01.01.1972 00:00;;MeteoSchweiz
GRH;xhs000m0;1;01.01.1959 00:00;;MeteoSchweiz
GRH;xhs000y0;1;01.01.1959 00:00;;MeteoSchweiz
GRH;xhs00om0;1;01.01.1959 00:00;;MeteoSchweiz
GRH;xhs00oy0;1;01.01.1959 00:00;;MeteoSchweiz
GRH;xhs012m0;1;01.01.1961 00:00;;MeteoSchweiz
GRH;xhs012y0;1;01.01.1961 00:00;;MeteoSchweiz
GSB;fh9120mv;12;01.11.1981 00:00;;MeteoSchweiz
GSB;fh9120yv;12;01.01.1982 00:00;;MeteoSchweiz
GSB;fhs010m0;12;01.11.1981 00:00;;MeteoSchweiz
GSB;fhs010y0;12;01.01.1982 00:00;;MeteoSchweiz
GSB;gh9120mv;12;01.11.1981 00:00;;MeteoSchweiz
GSB;gh9120yv;12;01.01.1982 00:00;;MeteoSchweiz
GSB;ghs000m0;12;01.11.1981 00:00;;MeteoSchweiz
GSB;ghs000y0;12;01.01.1982 00:00;;MeteoSchweiz
GSB;ph9120mv;12;01.01.1959 00:00;;MeteoSchweiz
GSB;ph9120yv;12;01.01.1959 00:00;;MeteoSchweiz
GSB;phsstam0;12;01.01.1959 00:00;;MeteoSchweiz
GSB;phsstay0;12;01.01.1959 00:00;;MeteoSchweiz
GSB;pv9120mv;12;01.01.1959 00:00;;MeteoSchweiz
GSB;pv9120yv;12;01.01.1959 00:00;;MeteoSchweiz
GSB;pva2hsm0;12;01.01.1959 00:00;;MeteoSchweiz
GSB;pva2hsy0;12;01.01.1959 00:00;;MeteoSchweiz
GSB;rh9120mv;1;01.01.1901 00:00;01.12.2022 00:00;MeteoSchweiz
GSB;rh9120yv;1;01.01.1901 00:00;01.01.2022 00:00;MeteoSchweiz
GSB;rhs001m0;1;01.01.1959 00:00;01.12.2022 00:00;MeteoSchweiz
GSB;rhs001y0;1;01.01.1959 00:00;01.01.2022 00:00;MeteoSchweiz
GSB;rhs001yx;1;01.01.1959 00:00;01.01.2022 00:00;MeteoSchweiz
GSB;rhs150m0;1;01.01.1901 00:00;01.12.2022 00:00;MeteoSchweiz
GSB;rhs150y0;1;01.01.1901 00:00;01.01.2022 00:00;MeteoSchweiz
GSB;rhsdryyx;1;01.01.1959 00:00;01.01.2022 00:00;MeteoSchweiz
GSB;sh9120mv;12;01.11.1981 00:00;;MeteoSchweiz
GSB;sh9120yv;12;01.01.1982 00:00;;MeteoSchweiz
GSB;shs000m0;12;01.11.1981 00:00;;MeteoSchweiz
GSB;shs000y0;12;01.01.1982 00:00;;MeteoSchweiz
GSB;th9120dv;1;01.01.1864 00:00;;MeteoSchweiz
GSB;th9120mv;1;01.01.1818 00:00;;MeteoSchweiz
GSB;th9120yv;1;01.01.1818 00:00;;MeteoSchweiz
GSB;th91dndv;1;01.01.1864 00:00;;MeteoSchweiz
GSB;th91dnmv;1;01.01.1864 00:00;;MeteoSchweiz
GSB;th91dnyv;1;01.01.1864 00:00;;MeteoSchweiz
GSB;th91dxdv;1;01.01.1864 00:00;;MeteoSchweiz
GSB;th91dxmv;1;01.01.1864 00:00;;MeteoSchweiz
GSB;th91dxyv;1;01.01.1864 00:00;;MeteoSchweiz
GSB;thl200mn;1;01.12.1959 00:00;;MeteoSchweiz
GSB;thl200mx;1;01.10.1964 00:00;;MeteoSchweiz
GSB;thl200yn;1;01.01.1960 00:00;;MeteoSchweiz
GSB;thl200yx;1;01.01.1965 00:00;;MeteoSchweiz
GSB;ths00nm0;1;01.12.1959 00:00;;MeteoSchweiz
GSB;ths00ny0;1;01.01.1960 00:00;;MeteoSchweiz
GSB;ths00xm0;1;01.10.1964 00:00;;MeteoSchweiz
GSB;ths00xy0;1;01.01.1965 00:00;;MeteoSchweiz
GSB;ths200d0;1;01.01.1864 00:00;;MeteoSchweiz
GSB;ths200dn;1;01.01.1864 00:00;;MeteoSchweiz
GSB;ths200dx;1;01.01.1864 00:00;;MeteoSchweiz
GSB;ths200m0;1;01.01.1818 00:00;;MeteoSchweiz
GSB;ths200y0;1;01.01.1818 00:00;;MeteoSchweiz
GSB;ths20nm0;1;01.12.1959 00:00;;MeteoSchweiz
GSB;ths20ny0;1;01.01.1960 00:00;;MeteoSchweiz
GSB;ths25xm0;1;01.10.1964 00:00;;MeteoSchweiz
GSB;ths25xy0;1;01.01.1965 00:00;;MeteoSchweiz
GSB;ths2dymn;1;01.01.1864 00:00;;MeteoSchweiz
GSB;ths2dymx;1;01.01.1864 00:00;;MeteoSchweiz
GSB;ths2dyyn;1;01.01.1864 00:00;;MeteoSchweiz
GSB;ths2dyyx;1;01.01.1864 00:00;;MeteoSchweiz
GSB;ths30xm0;1;01.10.1964 00:00;;MeteoSchweiz
GSB;ths30xy0;1;01.01.1965 00:00;;MeteoSchweiz
GSB;ths35xm0;1;01.01.1970 00:00;;MeteoSchweiz
GSB;ths35xy0;1;01.01.1970 00:00;;MeteoSchweiz
GSB;xhs000m0;1;01.01.1959 00:00;;MeteoSchweiz
GSB;xhs000y0;1;01.01.1959 00:00;;MeteoSchweiz
GSB;xhs00om0;1;01.01.1959 00:00;;MeteoSchweiz
GSB;xhs00oy0;1;01.01.1959 00:00;;MeteoSchweiz
GSB;xhs012m0;1;01.01.1961 00:00;;MeteoSchweiz
GSB;xhs012y0;1;01.01.1961 00:00;;MeteoSchweiz
GVE;fh9120mv;12;01.01.1981 00:00;;MeteoSchweiz
GVE;fh9120yv;12;01.01.1981 00:00;;MeteoSchweiz
GVE;fhs010m0;12;01.01.1981 00:00;;MeteoSchweiz
GVE;fhs010y0;12;01.01.1981 00:00;;MeteoSchweiz
GVE;gh9120mv;12;01.01.1981 00:00;;MeteoSchweiz
GVE;gh9120yv;12;01.01.1981 00:00;;MeteoSchweiz
GVE;ghs000m0;12;01.01.1981 00:00;;MeteoSchweiz
GVE;ghs000y0;12;01.01.1981 00:00;;MeteoSchweiz
GVE;ph9120mv;12;01.01.1959 00:00;;MeteoSchweiz
GVE;ph9120yv;12;01.01.1959 00:00;;MeteoSchweiz
GVE;phsstam0;12;01.01.1959 00:00;;MeteoSchweiz
GVE;phsstay0;12;01.01.1959 00:00;;MeteoSchweiz
GVE;pv9120mv;12;01.01.1959 00:00;;MeteoSchweiz
GVE;pv9120yv;12;01.01.1959 00:00;;MeteoSchweiz
GVE;pva2hsm0;12;01.01.1959 00:00;;MeteoSchweiz
GVE;pva2hsy0;12;01.01.1959 00:00;;MeteoSchweiz
GVE;rh9120mv;1;01.01.1864 00:00;;MeteoSchweiz
GVE;rh9120yv;1;01.01.1864 00:00;;MeteoSchweiz
GVE;rhs001m0;1;01.01.1959 00:00;;MeteoSchweiz
GVE;rhs001y0;1;01.01.1959 00:00;;MeteoSchweiz
GVE;rhs001yx;1;01.01.1959 00:00;;MeteoSchweiz
GVE;rhs150m0;1;01.01.1864 00:00;;MeteoSchweiz
GVE;rhs150y0;1;01.01.1864 00:00;;MeteoSchweiz
GVE;rhsdryyx;1;01.01.1959 00:00;;MeteoSchweiz
GVE;sh9120mv;1;01.12.1896 00:00;;MeteoSchweiz
GVE;sh9120yv;1;01.01.1897 00:00;;MeteoSchweiz
GVE;shs000m0;1;01.12.1896 00:00;;MeteoSchweiz
GVE;shs000y0;1;01.01.1897 00:00;;MeteoSchweiz
GVE;th9120dv;1;01.12.1864 00:00;;MeteoSchweiz
GVE;th9120mv;1;01.01.1753 00:00;;MeteoSchweiz
GVE;th9120yv;1;01.01.1753 00:00;;MeteoSchweiz
GVE;th91dndv;1;01.01.1864 00:00;;MeteoSchweiz
GVE;th91dnmv;1;01.01.1864 00:00;;MeteoSchweiz
GVE;th91dnyv;1;01.01.1864 00:00;;MeteoSchweiz
GVE;th91dxdv;1;01.01.1864 00:00;;MeteoSchweiz
GVE;th91dxmv;1;01.01.1864 00:00;;MeteoSchweiz
GVE;th91dxyv;1;01.01.1864 00:00;;MeteoSchweiz
GVE;thl200mn;1;01.01.1959 00:00;;MeteoSchweiz
GVE;thl200mx;1;01.01.1959 00:00;;MeteoSchweiz
GVE;thl200yn;1;01.01.1959 00:00;;MeteoSchweiz
GVE;thl200yx;1;01.01.1959 00:00;;MeteoSchweiz
GVE;ths00nm0;1;01.01.1959 00:00;;MeteoSchweiz
GVE;ths00ny0;1;01.01.1959 00:00;;MeteoSchweiz
GVE;ths00xm0;1;01.01.1959 00:00;;MeteoSchweiz
GVE;ths00xy0;1;01.01.1959 00:00;;MeteoSchweiz
GVE;ths200d0;1;01.12.1864 00:00;;MeteoSchweiz
GVE;ths200dn;1;01.01.1864 00:00;;MeteoSchweiz
GVE;ths200dx;1;01.01.1864 00:00;;MeteoSchweiz
GVE;ths200m0;1;01.01.1753 00:00;;MeteoSchweiz
GVE;ths200y0;1;01.01.1753 00:00;;MeteoSchweiz
GVE;ths20nm0;1;01.01.1959 00:00;;MeteoSchweiz
GVE;ths20ny0;1;01.01.1959 00:00;;MeteoSchweiz
GVE;ths25xm0;1;01.01.1959 00:00;;MeteoSchweiz
GVE;ths25xy0;1;01.01.1959 00:00;;MeteoSchweiz
GVE;ths2dymn;1;01.01.1864 00:00;;MeteoSchweiz
GVE;ths2dymx;1;01.01.1864 00:00;;MeteoSchweiz
GVE;ths2dyyn;1;01.01.1864 00:00;;MeteoSchweiz
GVE;ths2dyyx;1;01.01.1864 00:00;;MeteoSchweiz
GVE;ths30xm0;1;01.01.1959 00:00;;MeteoSchweiz
GVE;ths30xy0;1;01.01.1959 00:00;;MeteoSchweiz
GVE;ths35xm0;1;01.01.1970 00:00;;MeteoSchweiz
GVE;ths35xy0;1;01.01.1970 00:00;;MeteoSchweiz
GVE;xhs000m0;1;01.01.1959 00:00;;MeteoSchweiz
GVE;xhs000y0;1;01.01.1959 00:00;;MeteoSchweiz
GVE;xhs00om0;1;01.01.1959 00:00;;MeteoSchweiz
GVE;xhs00oy0;1;01.01.1959 00:00;;MeteoSchweiz
GVE;xhs012m0;1;01.01.1961 00:00;;MeteoSchweiz
GVE;xhs012y0;1;01.01.1961 00:00;;MeteoSchweiz
JUN;fh9120mv;12;01.09.1981 00:00;;MeteoSchweiz
JUN;fh9120yv;12;01.01.1982 00:00;;MeteoSchweiz
JUN;fhs010m0;12;01.09.1981 00:00;;MeteoSchweiz
JUN;fhs010y0;12;01.01.1982 00:00;;MeteoSchweiz
JUN;gh9120mv;12;01.01.1981 00:00;;MeteoSchweiz
JUN;gh9120yv;12;01.01.1981 00:00;;MeteoSchweiz
JUN;ghs000m0;12;01.01.1981 00:00;;MeteoSchweiz
JUN;ghs000y0;12;01.01.1981 00:00;;MeteoSchweiz
JUN;ph9120mv;12;01.01.1959 00:00;;MeteoSchweiz
JUN;ph9120yv;12;01.01.1959 00:00;;MeteoSchweiz
JUN;phsstam0;12;01.01.1959 00:00;;MeteoSchweiz
JUN;phsstay0;12;01.01.1959 00:00;;MeteoSchweiz
JUN;pv9120mv;12;01.01.1959 00:00;;MeteoSchweiz
JUN;pv9120yv;12;01.01.1959 00:00;;MeteoSchweiz
JUN;pva2hsm0;12;01.01.1959 00:00;;MeteoSchweiz
JUN;pva2hsy0;12;01.01.1959 00:00;;MeteoSchweiz
JUN;sh9120mv;12;01.07.1959 00:00;;MeteoSchweiz
JUN;sh9120yv;12;01.01.1960 00:00;;MeteoSchweiz
JUN;shs000m0;12;01.07.1959 00:00;;MeteoSchweiz
JUN;shs000y0;12;01.01.1960 00:00;;MeteoSchweiz
JUN;th9120dv;1;01.01.1933 00:00;;MeteoSchweiz
JUN;th9120mv;1;01.01.1933 00:00;;MeteoSchweiz
JUN;th9120yv;1;01.01.1933 00:00;;MeteoSchweiz
JUN;th91dndv;1;01.01.1961 00:00;;MeteoSchweiz
JUN;th91dnmv;1;01.01.1961 00:00;;MeteoSchweiz
JUN;th91dnyv;1;01.01.1961 00:00;;MeteoSchweiz
JUN;th91dxdv;1;01.01.1961 00:00;;MeteoSchweiz
JUN;th91dxmv;1;01.01.1961 00:00;;MeteoSchweiz
JUN;th91dxyv;1;01.01.1961 00:00;;MeteoSchweiz
JUN;thl200mn;1;01.01.1961 00:00;;MeteoSchweiz
JUN;thl200mn;12;01.08.2006 00:00;01.02.2017 00:00;MeteoSchweiz
JUN;thl200mx;1;01.01.1961 00:00;;MeteoSchweiz
JUN;thl200yn;1;01.01.1961 00:00;;MeteoSchweiz
JUN;thl200yn;12;01.01.2006 00:00;01.01.2016 00:00;MeteoSchweiz
JUN;thl200yx;1;01.01.1961 00:00;;MeteoSchweiz
JUN;ths00nm0;1;01.01.1961 00:00;;MeteoSchweiz
JUN;ths00nm0;12;01.08.2006 00:00;01.02.2017 00:00;MeteoSchweiz
JUN;ths00ny0;1;01.01.1961 00:00;;MeteoSchweiz
JUN;ths00ny0;12;01.01.2006 00:00;01.01.2016 00:00;MeteoSchweiz
JUN;ths00xm0;1;01.01.1961 00:00;;MeteoSchweiz
JUN;ths00xy0;1;01.01.1961 00:00;;MeteoSchweiz
JUN;ths200d0;1;01.01.1933 00:00;;MeteoSchweiz
JUN;ths200dn;1;01.01.1961 00:00;;MeteoSchweiz
JUN;ths200dx;1;01.01.1961 00:00;;MeteoSchweiz
JUN;ths200m0;1;01.01.1933 00:00;;MeteoSchweiz
JUN;ths200y0;1;01.01.1933 00:00;;MeteoSchweiz
JUN;ths20nm0;1;01.01.1961 00:00;;MeteoSchweiz
JUN;ths20nm0;12;01.08.2006 00:00;01.02.2017 00:00;MeteoSchweiz
JUN;ths20ny0;1;01.01.1961 00:00;;MeteoSchweiz
JUN;ths20ny0;12;01.01.2006 00:00;01.01.2016 00:00;MeteoSchweiz
JUN;ths25xm0;1;01.01.1961 00:00;;MeteoSchweiz
JUN;ths25xy0;1;01.01.1961 00:00;;MeteoSchweiz
JUN;ths2dymn;1;01.01.1961 00:00;;MeteoSchweiz
JUN;ths2dymx;1;01.01.1961 00:00;;MeteoSchweiz
JUN;ths2dyyn;1;01.01.1961 00:00;;MeteoSchweiz
JUN;ths2dyyx;1;01.01.1961 00:00;;MeteoSchweiz
JUN;ths30xm0;1;01.01.1961 00:00;;MeteoSchweiz
JUN;ths30xy0;1;01.01.1961 00:00;;MeteoSchweiz
JUN;ths35xm0;1;01.01.1970 00:00;;MeteoSchweiz
JUN;ths35xy0;1;01.01.1970 00:00;;MeteoSchweiz
JUN;xhs000m0;1;01.01.1959 00:00;;MeteoSchweiz
JUN;xhs000y0;1;01.01.1959 00:00;;MeteoSchweiz
JUN;xhs00om0;1;01.01.1959 00:00;;MeteoSchweiz
JUN;xhs00oy0;1;01.01.1959 00:00;;MeteoSchweiz
JUN;xhs012m0;1;01.01.1961 00:00;;MeteoSchweiz
JUN;xhs012y0;1;01.01.1961 00:00;;MeteoSchweiz
LUG;fh9120mv;12;01.01.1981 00:00;;MeteoSchweiz
LUG;fh9120yv;12;01.01.1981 00:00;;MeteoSchweiz
LUG;fhs010m0;12;01.01.1981 00:00;;MeteoSchweiz
LUG;fhs010y0;12;01.01.1981 00:00;;MeteoSchweiz
LUG;gh9120mv;12;01.01.1981 00:00;;MeteoSchweiz
LUG;gh9120yv;12;01.01.1981 00:00;;MeteoSchweiz
LUG;ghs000m0;12;01.01.1981 00:00;;MeteoSchweiz
LUG;ghs000y0;12;01.01.1981 00:00;;MeteoSchweiz
LUG;ph9120mv;12;01.01.1959 00:00;;MeteoSchweiz
LUG;ph9120yv;12;01.01.1959 00:00;;MeteoSchweiz
LUG;phsstam0;12;01.01.1959 00:00;;MeteoSchweiz
LUG;phsstay0;12;01.01.1959 00:00;;MeteoSchweiz
LUG;pv9120mv;12;01.01.1959 00:00;;MeteoSchweiz
LUG;pv9120yv;12;01.01.1959 00:00;;MeteoSchweiz
LUG;pva2hsm0;12;01.01.1959 00:00;;MeteoSchweiz
LUG;pva2hsy0;12;01.01.1959 00:00;;MeteoSchweiz
LUG;rh9120mv;1;01.01.1864 00:00;;MeteoSchweiz
LUG;rh9120yv;1;01.01.1864 00:00;;MeteoSchweiz
LUG;rhs001m0;1;01.01.1959 00:00;;MeteoSchweiz
LUG;rhs001y0;1;01.01.1959 00:00;;MeteoSchweiz
LUG;rhs001yx;1;01.01.1959 00:00;;MeteoSchweiz
LUG;rhs150m0;1;01.01.1864 00:00;;MeteoSchweiz
LUG;rhs150y0;1;01.01.1864 00:00;;MeteoSchweiz
LUG;rhsdryyx;1;01.01.1959 00:00;;MeteoSchweiz
LUG;sh9120mv;1;01.05.1885 00:00;;MeteoSchweiz
LUG;sh9120yv;1;01.01.1886 00:00;;MeteoSchweiz
LUG;shs000m0;1;01.05.1885 00:00;;MeteoSchweiz
LUG;shs000y0;1;01.01.1886 00:00;;MeteoSchweiz
LUG;th9120dv;1;01.01.1864 00:00;;MeteoSchweiz
LUG;th9120mv;1;01.01.1864 00:00;;MeteoSchweiz
LUG;th9120yv;1;01.01.1864 00:00;;MeteoSchweiz
LUG;th91dndv;1;01.07.1864 00:00;;MeteoSchweiz
LUG;th91dnmv;1;01.07.1864 00:00;;MeteoSchweiz
LUG;th91dnyv;1;01.01.1865 00:00;;MeteoSchweiz
LUG;th91dxdv;1;01.07.1864 00:00;;MeteoSchweiz
LUG;th91dxmv;1;01.07.1864 00:00;;MeteoSchweiz
LUG;th91dxyv;1;01.01.1865 00:00;;MeteoSchweiz
LUG;thl200mn;1;01.01.1959 00:00;;MeteoSchweiz
LUG;thl200mn;12;01.10.2006 00:00;01.12.2015 00:00;MeteoSchweiz
LUG;thl200mx;1;01.01.1959 00:00;;MeteoSchweiz
LUG;thl200yn;1;01.01.1959 00:00;;MeteoSchweiz
LUG;thl200yn;12;01.01.2006 00:00;01.01.2015 00:00;MeteoSchweiz
LUG;thl200yx;1;01.01.1959 00:00;;MeteoSchweiz
LUG;ths00nm0;1;01.01.1959 00:00;;MeteoSchweiz
LUG;ths00nm0;12;01.10.2006 00:00;01.12.2015 00:00;MeteoSchweiz
LUG;ths00ny0;1;01.01.1959 00:00;;MeteoSchweiz
LUG;ths00ny0;12;01.01.2006 00:00;01.01.2015 00:00;MeteoSchweiz
LUG;ths00xm0;1;01.01.1959 00:00;;MeteoSchweiz
LUG;ths00xy0;1;01.01.1959 00:00;;MeteoSchweiz
LUG;ths200d0;1;01.01.1864 00:00;;MeteoSchweiz
LUG;ths200dn;1;01.07.1864 00:00;;MeteoSchweiz
LUG;ths200dx;1;01.07.1864 00:00;;MeteoSchweiz
LUG;ths200m0;1;01.01.1864 00:00;;MeteoSchweiz
LUG;ths200y0;1;01.01.1864 00:00;;MeteoSchweiz
LUG;ths20nm0;1;01.01.1959 00:00;;MeteoSchweiz
LUG;ths20nm0;12;01.10.2006 00:00;01.12.2015 00:00;MeteoSchweiz
LUG;ths20ny0;1;01.01.1959 00:00;;MeteoSchweiz
LUG;ths20ny0;12;01.01.2006 00:00;01.01.2015 00:00;MeteoSchweiz
LUG;ths25xm0;1;01.01.1959 00:00;;MeteoSchweiz
LUG;ths25xy0;1;01.01.1959 00:00;;MeteoSchweiz
LUG;ths2dymn;1;01.07.1864 00:00;;MeteoSchweiz
LUG;ths2dymx;1;01.07.1864 00:00;;MeteoSchweiz
LUG;ths2dyyn;1;01.01.1865 00:00;;MeteoSchweiz
LUG;ths2dyyx;1;01.01.1865 00:00;;MeteoSchweiz
LUG;ths30xm0;1;01.01.1959 00:00;;MeteoSchweiz
LUG;ths30xy0;1;01.01.1959 00:00;;MeteoSchweiz
LUG;ths35xm0;1;01.01.1970 00:00;;MeteoSchweiz
LUG;ths35xy0;1;01.01.1970 00:00;;MeteoSchweiz
LUG;xhs000m0;1;01.01.1959 00:00;;MeteoSchweiz
LUG;xhs000y0;1;01.01.1959 00:00;;MeteoSchweiz
LUG;xhs00om0;1;01.01.1959 00:00;;MeteoSchweiz
LUG;xhs00oy0;1;01.01.1959 00:00;;MeteoSchweiz
LUG;xhs012m0;1;01.01.1961 00:00;;MeteoSchweiz
LUG;xhs012y0;1;01.01.1961 00:00;;MeteoSchweiz
LUZ;fh9120mv;12;01.01.1981 00:00;;MeteoSchweiz
LUZ;fh9120yv;12;01.01.1981 00:00;;MeteoSchweiz
LUZ;fhs010m0;12;01.01.1981 00:00;;MeteoSchweiz
LUZ;fhs010y0;12;01.01.1981 00:00;;MeteoSchweiz
LUZ;gh9120mv;12;01.01.1981 00:00;;MeteoSchweiz
LUZ;gh9120yv;12;01.01.1981 00:00;;MeteoSchweiz
LUZ;ghs000m0;12;01.01.1981 00:00;;MeteoSchweiz
LUZ;ghs000y0;12;01.01.1981 00:00;;MeteoSchweiz
LUZ;ph9120mv;12;01.01.1959 00:00;;MeteoSchweiz
LUZ;ph9120yv;12;01.01.1959 00:00;;MeteoSchweiz
LUZ;phsstam0;12;01.01.1959 00:00;;MeteoSchweiz
LUZ;phsstay0;12;01.01.1959 00:00;;MeteoSchweiz
LUZ;pv9120mv;12;01.01.1959 00:00;;MeteoSchweiz
LUZ;pv9120yv;12;01.01.1959 00:00;;MeteoSchweiz
LUZ;pva2hsm0;12;01.01.1959 00:00;;MeteoSchweiz
LUZ;pva2hsy0;12;01.01.1959 00:00;;MeteoSchweiz
LUZ;rh9120mv;1;01.01.1864 00:00;;MeteoSchweiz
LUZ;rh9120yv;1;01.01.1864 00:00;;MeteoSchweiz
LUZ;rhs001m0;1;01.01.1959 00:00;;MeteoSchweiz
LUZ;rhs001y0;1;01.01.1959 00:00;;MeteoSchweiz
LUZ;rhs001yx;1;01.01.1959 00:00;;MeteoSchweiz
LUZ;rhs150m0;1;01.01.1864 00:00;;MeteoSchweiz
LUZ;rhs150y0;1;01.01.1864 00:00;;MeteoSchweiz
LUZ;rhsdryyx;1;01.01.1959 00:00;;MeteoSchweiz
LUZ;sh9120mv;1;01.01.1901 00:00;;MeteoSchweiz
LUZ;sh9120yv;1;01.01.1901 00:00;;MeteoSchweiz
LUZ;shs000m0;1;01.01.1901 00:00;;MeteoSchweiz
LUZ;shs000y0;1;01.01.1901 00:00;;MeteoSchweiz
LUZ;th9120dv;1;01.01.1871 00:00;;MeteoSchweiz
LUZ;th9120mv;1;01.01.1871 00:00;;MeteoSchweiz
LUZ;th9120yv;1;01.01.1871 00:00;;MeteoSchweiz
LUZ;th91dndv;1;01.01.1886 00:00;;MeteoSchweiz
LUZ;th91dnmv;1;01.01.1886 00:00;;MeteoSchweiz
LUZ;th91dnyv;1;01.01.1886 00:00;;MeteoSchweiz
LUZ;th91dxdv;1;01.01.1886 00:00;;MeteoSchweiz
LUZ;th91dxmv;1;01.01.1886 00:00;;MeteoSchweiz
LUZ;th91dxyv;1;01.01.1886 00:00;;MeteoSchweiz
LUZ;thl200mn;1;01.01.1959 00:00;;MeteoSchweiz
LUZ;thl200mx;1;01.01.1959 00:00;;MeteoSchweiz
LUZ;thl200yn;1;01.01.1959 00:00;;MeteoSchweiz
LUZ;thl200yx;1;01.01.1959 00:00;;MeteoSchweiz
LUZ;ths00nm0;1;01.01.1959 00:00;;MeteoSchweiz
LUZ;ths00ny0;1;01.01.1959 00:00;;MeteoSchweiz
LUZ;ths00xm0;1;01.01.1959 00:00;;MeteoSchweiz
LUZ;ths00xy0;1;01.01.1959 00:00;;MeteoSchweiz
LUZ;ths200d0;1;01.01.1871 00:00;;MeteoSchweiz
LUZ;ths200dn;1;01.01.1886 00:00;;MeteoSchweiz
LUZ;ths200dx;1;01.01.1886 00:00;;MeteoSchweiz
LUZ;ths200m0;1;01.01.1871 00:00;;MeteoSchweiz
LUZ;ths200y0;1;01.01.1871 00:00;;MeteoSchweiz
LUZ;ths20nm0;1;01.01.1959 00:00;;MeteoSchweiz
LUZ;ths20ny0;1;01.01.1959 00:00;;MeteoSchweiz
LUZ;ths25xm0;1;01.01.1959 00:00;;MeteoSchweiz
LUZ;ths25xy0;1;01.01.1959 00:00;;MeteoSchweiz
LUZ;ths2dymn;1;01.01.1886 00:00;;MeteoSchweiz
LUZ;ths2dymx;1;01.01.1886 00:00;;MeteoSchweiz
LUZ;ths2dyyn;1;01.01.1886 00:00;;MeteoSchweiz
LUZ;ths2dyyx;1;01.01.1886 00:00;;MeteoSchweiz
LUZ;ths30xm0;1;01.01.1959 00:00;;MeteoSchweiz
LUZ;ths30xy0;1;01.01.1959 00:00;;MeteoSchweiz
LUZ;ths35xm0;1;01.01.1970 00:00;;MeteoSchweiz
LUZ;ths35xy0;1;01.01.1970 00:00;;MeteoSchweiz
LUZ;xhs000m0;1;01.01.1959 00:00;;MeteoSchweiz
LUZ;xhs000y0;1;01.01.1959 00:00;;MeteoSchweiz
LUZ;xhs00om0;1;01.01.1959 00:00;;MeteoSchweiz
LUZ;xhs00oy0;1;01.01.1959 00:00;;MeteoSchweiz
LUZ;xhs012m0;1;01.01.1961 00:00;;MeteoSchweiz
LUZ;xhs012y0;1;01.01.1961 00:00;;MeteoSchweiz
MER;ph9120mv;12;01.01.1959 00:00;;MeteoSchweiz
MER;ph9120yv;12;01.01.1959 00:00;;MeteoSchweiz
MER;phsstam0;12;01.01.1959 00:00;;MeteoSchweiz
MER;phsstay0;12;01.01.1959 00:00;;MeteoSchweiz
MER;pv9120mv;12;01.01.1959 00:00;;MeteoSchweiz
MER;pv9120yv;12;01.01.1959 00:00;;MeteoSchweiz
MER;pva2hsm0;12;01.01.1959 00:00;;MeteoSchweiz
MER;pva2hsy0;12;01.01.1959 00:00;;MeteoSchweiz
MER;rh9120mv;1;01.07.1889 00:00;;MeteoSchweiz
MER;rh9120yv;1;01.01.1890 00:00;;MeteoSchweiz
MER;rhs001m0;1;01.01.1959 00:00;;MeteoSchweiz
MER;rhs001y0;1;01.01.1959 00:00;;MeteoSchweiz
MER;rhs001yx;1;01.01.1959 00:00;;MeteoSchweiz
MER;rhs150m0;1;01.07.1889 00:00;;MeteoSchweiz
MER;rhs150y0;1;01.01.1890 00:00;;MeteoSchweiz
MER;rhsdryyx;1;01.01.1959 00:00;;MeteoSchweiz
MER;th9120dv;1;01.07.1889 00:00;;MeteoSchweiz
MER;th9120mv;1;01.07.1889 00:00;;MeteoSchweiz
MER;th9120yv;1;01.01.1890 00:00;;MeteoSchweiz
MER;th91dndv;1;01.01.1959 00:00;;MeteoSchweiz
MER;th91dnmv;1;01.01.1959 00:00;;MeteoSchweiz
MER;th91dnyv;1;01.01.1959 00:00;;MeteoSchweiz
MER;th91dxdv;1;01.01.1959 00:00;;MeteoSchweiz
MER;th91dxmv;1;01.01.1959 00:00;;MeteoSchweiz
MER;th91dxyv;1;01.01.1959 00:00;;MeteoSchweiz
MER;thl200mn;1;01.01.1959 00:00;;MeteoSchweiz
MER;thl200mn;12;01.01.1959 00:00;01.02.2017 00:00;MeteoSchweiz
MER;thl200mx;1;01.01.1959 00:00;;MeteoSchweiz
MER;thl200yn;1;01.01.1959 00:00;;MeteoSchweiz
MER;thl200yn;12;01.01.1959 00:00;01.01.2016 00:00;MeteoSchweiz
MER;thl200yx;1;01.01.1959 00:00;;MeteoSchweiz
MER;ths00nm0;1;01.01.1959 00:00;;MeteoSchweiz
MER;ths00nm0;12;01.01.1959 00:00;01.02.2017 00:00;MeteoSchweiz
MER;ths00ny0;1;01.01.1959 00:00;;MeteoSchweiz
MER;ths00ny0;12;01.01.1959 00:00;01.01.2016 00:00;MeteoSchweiz
MER;ths00xm0;1;01.01.1959 00:00;;MeteoSchweiz
MER;ths00xy0;1;01.01.1959 00:00;;MeteoSchweiz
MER;ths200d0;1;01.07.1889 00:00;;MeteoSchweiz
MER;ths200dn;1;01.01.1959 00:00;;MeteoSchweiz
MER;ths200dx;1;01.01.1959 00:00;;MeteoSchweiz
MER;ths200m0;1;01.07.1889 00:00;;MeteoSchweiz
MER;ths200y0;1;01.01.1890 00:00;;MeteoSchweiz
MER;ths20nm0;1;01.01.1959 00:00;;MeteoSchweiz
MER;ths20nm0;12;01.01.1959 00:00;01.02.2017 00:00;MeteoSchweiz
MER;ths20ny0;1;01.01.1959 00:00;;MeteoSchweiz
MER;ths20ny0;12;01.01.1959 00:00;01.01.2016 00:00;MeteoSchweiz
MER;ths25xm0;1;01.01.1959 00:00;;MeteoSchweiz
MER;ths25xy0;1;01.01.1959 00:00;;MeteoSchweiz
MER;ths2dymn;1;01.01.1959 00:00;;MeteoSchweiz
MER;ths2dymx;1;01.01.1959 00:00;;MeteoSchweiz
MER;ths2dyyn;1;01.01.1959 00:00;;MeteoSchweiz
MER;ths2dyyx;1;01.01.1959 00:00;;MeteoSchweiz
MER;ths30xm0;1;01.01.1959 00:00;;MeteoSchweiz
MER;ths30xy0;1;01.01.1959 00:00;;MeteoSchweiz
MER;ths35xm0;1;01.01.1970 00:00;;MeteoSchweiz
MER;ths35xy0;1;01.01.1970 00:00;;MeteoSchweiz
MER;xhs000m0;1;01.01.1959 00:00;;MeteoSchweiz
MER;xhs000y0;1;01.01.1959 00:00;;MeteoSchweiz
MER;xhs00om0;1;01.01.1959 00:00;;MeteoSchweiz
MER;xhs00oy0;1;01.01.1959 00:00;;MeteoSchweiz
MER;xhs012m0;1;01.01.1961 00:00;;MeteoSchweiz
MER;xhs012y0;1;01.01.1961 00:00;;MeteoSchweiz
NEU;fh9120mv;12;01.01.1981 00:00;;MeteoSchweiz
NEU;fh9120yv;12;01.01.1981 00:00;;MeteoSchweiz
NEU;fhs010m0;12;01.01.1981 00:00;;MeteoSchweiz
NEU;fhs010y0;12;01.01.1981 00:00;;MeteoSchweiz
NEU;gh9120mv;12;01.01.1981 00:00;;MeteoSchweiz
NEU;gh9120yv;12;01.01.1981 00:00;;MeteoSchweiz
NEU;ghs000m0;12;01.01.1981 00:00;;MeteoSchweiz
NEU;ghs000y0;12;01.01.1981 00:00;;MeteoSchweiz
NEU;ph9120mv;12;01.01.1959 00:00;;MeteoSchweiz
NEU;ph9120yv;12;01.01.1959 00:00;;MeteoSchweiz
NEU;phsstam0;12;01.01.1959 00:00;;MeteoSchweiz
NEU;phsstay0;12;01.01.1959 00:00;;MeteoSchweiz
NEU;pv9120mv;12;01.01.1959 00:00;;MeteoSchweiz
NEU;pv9120yv;12;01.01.1959 00:00;;MeteoSchweiz
NEU;pva2hsm0;12;01.01.1959 00:00;;MeteoSchweiz
NEU;pva2hsy0;12;01.01.1959 00:00;;MeteoSchweiz
NEU;rh9120mv;1;01.01.1864 00:00;;MeteoSchweiz
NEU;rh9120yv;1;01.01.1864 00:00;;MeteoSchweiz
NEU;rhs001m0;1;01.01.1959 00:00;;MeteoSchweiz
NEU;rhs001y0;1;01.01.1959 00:00;;MeteoSchweiz
NEU;rhs001yx;1;01.01.1959 00:00;;MeteoSchweiz
NEU;rhs150m0;1;01.01.1864 00:00;;MeteoSchweiz
NEU;rhs150y0;1;01.01.1864 00:00;;MeteoSchweiz
NEU;rhsdryyx;1;01.01.1959 00:00;;MeteoSchweiz
NEU;sh9120mv;1;01.01.1901 00:00;;MeteoSchweiz
NEU;sh9120yv;1;01.01.1901 00:00;;MeteoSchweiz
NEU;shs000m0;1;01.01.1901 00:00;;MeteoSchweiz
NEU;shs000y0;1;01.01.1901 00:00;;MeteoSchweiz
NEU;th9120dv;1;01.01.1864 00:00;;MeteoSchweiz
NEU;th9120mv;1;01.01.1864 00:00;;MeteoSchweiz
NEU;th9120yv;1;01.01.1864 00:00;;MeteoSchweiz
NEU;th91dndv;1;01.12.1864 00:00;;MeteoSchweiz
NEU;th91dnmv;1;01.12.1864 00:00;;MeteoSchweiz
NEU;th91dnyv;1;01.01.1865 00:00;;MeteoSchweiz
NEU;th91dxdv;1;01.12.1864 00:00;;MeteoSchweiz
NEU;th91dxmv;1;01.12.1864 00:00;;MeteoSchweiz
NEU;th91dxyv;1;01.01.1865 00:00;;MeteoSchweiz
NEU;thl200mn;1;01.01.1959 00:00;;MeteoSchweiz
NEU;thl200mx;1;01.01.1959 00:00;;MeteoSchweiz
NEU;thl200yn;1;01.01.1959 00:00;;MeteoSchweiz
NEU;thl200yx;1;01.01.1959 00:00;;MeteoSchweiz
NEU;ths00nm0;1;01.01.1959 00:00;;MeteoSchweiz
NEU;ths00ny0;1;01.01.1959 00:00;;MeteoSchweiz
NEU;ths00xm0;1;01.01.1959 00:00;;MeteoSchweiz
NEU;ths00xy0;1;01.01.1959 00:00;;MeteoSchweiz
NEU;ths200d0;1;01.01.1864 00:00;;MeteoSchweiz
NEU;ths200dn;1;01.12.1864 00:00;;MeteoSchweiz
NEU;ths200dx;1;01.12.1864 00:00;;MeteoSchweiz
NEU;ths200m0;1;01.01.1864 00:00;;MeteoSchweiz
NEU;ths200y0;1;01.01.1864 00:00;;MeteoSchweiz
NEU;ths20nm0;1;01.01.1959 00:00;;MeteoSchweiz
NEU;ths20ny0;1;01.01.1959 00:00;;MeteoSchweiz
NEU;ths25xm0;1;01.01.1959 00:00;;MeteoSchweiz
NEU;ths25xy0;1;01.01.1959 00:00;;MeteoSchweiz
NEU;ths2dymn;1;01.12.1864 00:00;;MeteoSchweiz
NEU;ths2dymx;1;01.12.1864 00:00;;MeteoSchweiz
NEU;ths2dyyn;1;01.01.1865 00:00;;MeteoSchweiz
NEU;ths2dyyx;1;01.01.1865 00:00;;MeteoSchweiz
NEU;ths30xm0;1;01.01.1959 00:00;;MeteoSchweiz
NEU;ths30xy0;1;01.01.1959 00:00;;MeteoSchweiz
NEU;ths35xm0;1;01.01.1970 00:00;;MeteoSchweiz
NEU;ths35xy0;1;01.01.1970 00:00;;MeteoSchweiz
NEU;xhs000m0;1;01.01.1959 00:00;;MeteoSchweiz
NEU;xhs000y0;1;01.01.1959 00:00;;MeteoSchweiz
NEU;xhs00om0;1;01.01.1959 00:00;;MeteoSchweiz
NEU;xhs00oy0;1;01.01.1959 00:00;;MeteoSchweiz
NEU;xhs012m0;1;01.01.1961 00:00;;MeteoSchweiz
NEU;xhs012y0;1;01.01.1961 00:00;;MeteoSchweiz
OTL;fh9120mv;12;01.01.1981 00:00;;MeteoSchweiz
OTL;fh9120yv;12;01.01.1981 00:00;;MeteoSchweiz
OTL;fhs010m0;12;01.01.1981 00:00;;MeteoSchweiz
OTL;fhs010y0;12;01.01.1981 00:00;;MeteoSchweiz
OTL;gh9120mv;12;01.01.1981 00:00;;MeteoSchweiz
OTL;gh9120yv;12;01.01.1981 00:00;;MeteoSchweiz
OTL;ghs000m0;12;01.01.1981 00:00;;MeteoSchweiz
OTL;ghs000y0;12;01.01.1981 00:00;;MeteoSchweiz
OTL;ph9120mv;12;01.01.1959 00:00;;MeteoSchweiz
OTL;ph9120yv;12;01.01.1959 00:00;;MeteoSchweiz
OTL;phsstam0;12;01.01.1959 00:00;;MeteoSchweiz
OTL;phsstay0;12;01.01.1959 00:00;;MeteoSchweiz
OTL;pv9120mv;12;01.01.1959 00:00;;MeteoSchweiz
OTL;pv9120yv;12;01.01.1959 00:00;;MeteoSchweiz
OTL;pva2hsm0;12;01.01.1959 00:00;;MeteoSchweiz
OTL;pva2hsy0;12;01.01.1959 00:00;;MeteoSchweiz
OTL;rh9120mv;1;01.01.1883 00:00;;MeteoSchweiz
OTL;rh9120yv;1;01.01.1883 00:00;;MeteoSchweiz
OTL;rhs001m0;1;01.01.1959 00:00;;MeteoSchweiz
OTL;rhs001y0;1;01.01.1959 00:00;;MeteoSchweiz
OTL;rhs001yx;1;01.01.1959 00:00;;MeteoSchweiz
OTL;rhs150m0;1;01.01.1883 00:00;;MeteoSchweiz
OTL;rhs150y0;1;01.01.1883 00:00;;MeteoSchweiz
OTL;rhsdryyx;1;01.01.1959 00:00;;MeteoSchweiz
OTL;sh9120mv;12;01.01.1959 00:00;;MeteoSchweiz
OTL;sh9120yv;12;01.01.1959 00:00;;MeteoSchweiz
OTL;shs000m0;12;01.01.1959 00:00;;MeteoSchweiz
OTL;shs000y0;12;01.01.1959 00:00;;MeteoSchweiz
OTL;th9120dv;1;01.12.1882 00:00;;MeteoSchweiz
OTL;th9120mv;1;01.12.1882 00:00;;MeteoSchweiz
OTL;th9120yv;1;01.01.1883 00:00;;MeteoSchweiz
OTL;th91dndv;1;01.02.1901 00:00;;MeteoSchweiz
OTL;th91dnmv;1;01.01.1901 00:00;;MeteoSchweiz
OTL;th91dnyv;1;01.01.1901 00:00;;MeteoSchweiz
OTL;th91dxdv;1;01.05.1935 00:00;;MeteoSchweiz
OTL;th91dxmv;1;01.05.1935 00:00;;MeteoSchweiz
OTL;th91dxyv;1;01.01.1936 00:00;;MeteoSchweiz
OTL;thl200mn;1;01.01.1959 00:00;;MeteoSchweiz
OTL;thl200mx;1;01.01.1959 00:00;;MeteoSchweiz
OTL;thl200yn;1;01.01.1959 00:00;;MeteoSchweiz
OTL;thl200yx;1;01.01.1959 00:00;;MeteoSchweiz
OTL;ths00nm0;1;01.01.1959 00:00;;MeteoSchweiz
OTL;ths00ny0;1;01.01.1959 00:00;;MeteoSchweiz
OTL;ths00xm0;1;01.01.1959 00:00;;MeteoSchweiz
OTL;ths00xy0;1;01.01.1959 00:00;;MeteoSchweiz
OTL;ths200d0;1;01.12.1882 00:00;;MeteoSchweiz
OTL;ths200dn;1;01.02.1901 00:00;;MeteoSchweiz
OTL;ths200dx;1;01.05.1935 00:00;;MeteoSchweiz
OTL;ths200m0;1;01.12.1882 00:00;;MeteoSchweiz
OTL;ths200y0;1;01.01.1883 00:00;;MeteoSchweiz
OTL;ths20nm0;1;01.01.1959 00:00;;MeteoSchweiz
OTL;ths20ny0;1;01.01.1959 00:00;;MeteoSchweiz
OTL;ths25xm0;1;01.01.1959 00:00;;MeteoSchweiz
OTL;ths25xy0;1;01.01.1959 00:00;;MeteoSchweiz
OTL;ths2dymn;1;01.01.1901 00:00;;MeteoSchweiz
OTL;ths2dymx;1;01.05.1935 00:00;;MeteoSchweiz
OTL;ths2dyyn;1;01.01.1901 00:00;;MeteoSchweiz
OTL;ths2dyyx;1;01.01.1936 00:00;;MeteoSchweiz
OTL;ths30xm0;1;01.01.1959 00:00;;MeteoSchweiz
OTL;ths30xy0;1;01.01.1959 00:00;;MeteoSchweiz
OTL;ths35xm0;1;01.01.1970 00:00;;MeteoSchweiz
OTL;ths35xy0;1;01.01.1970 00:00;;MeteoSchweiz
OTL;xhs000m0;1;01.01.1959 00:00;;MeteoSchweiz
OTL;xhs000y0;1;01.01.1959 00:00;;MeteoSchweiz
OTL;xhs00om0;1;01.01.1959 00:00;;MeteoSchweiz
OTL;xhs00oy0;1;01.01.1959 00:00;;MeteoSchweiz
OTL;xhs012m0;1;01.01.1961 00:00;;MeteoSchweiz
OTL;xhs012y0;1;01.01.1961 00:00;;MeteoSchweiz
PAY;fh9120mv;12;01.01.1981 00:00;;MeteoSchweiz
PAY;fh9120yv;12;01.01.1981 00:00;;MeteoSchweiz
PAY;fhs010m0;12;01.01.1981 00:00;;MeteoSchweiz
PAY;fhs010y0;12;01.01.1981 00:00;;MeteoSchweiz
PAY;gh9120mv;12;01.01.1981 00:00;;MeteoSchweiz
PAY;gh9120yv;12;01.01.1981 00:00;;MeteoSchweiz
PAY;ghs000m0;12;01.01.1981 00:00;;MeteoSchweiz
PAY;ghs000y0;12;01.01.1981 00:00;;MeteoSchweiz
PAY;ph9120mv;12;01.08.1964 00:00;;MeteoSchweiz
PAY;ph9120yv;12;01.01.1965 00:00;;MeteoSchweiz
PAY;phsstam0;12;01.08.1964 00:00;;MeteoSchweiz
PAY;phsstay0;12;01.01.1965 00:00;;MeteoSchweiz
PAY;pv9120mv;12;01.08.1964 00:00;;MeteoSchweiz
PAY;pv9120yv;12;01.01.1965 00:00;;MeteoSchweiz
PAY;pva2hsm0;12;01.08.1964 00:00;;MeteoSchweiz
PAY;pva2hsy0;12;01.01.1965 00:00;;MeteoSchweiz
PAY;rh9120mv;12;01.08.1964 00:00;;MeteoSchweiz
PAY;rh9120yv;12;01.01.1965 00:00;;MeteoSchweiz
PAY;rhs150m0;12;01.08.1964 00:00;;MeteoSchweiz
PAY;rhs150y0;12;01.01.1965 00:00;;MeteoSchweiz
PAY;sh9120mv;12;01.08.1964 00:00;;MeteoSchweiz
PAY;sh9120yv;12;01.01.1965 00:00;;MeteoSchweiz
PAY;shs000m0;12;01.08.1964 00:00;;MeteoSchweiz
PAY;shs000y0;12;01.01.1965 00:00;;MeteoSchweiz
PAY;th9120dv;12;01.08.1964 00:00;;MeteoSchweiz
PAY;th9120mv;12;01.08.1964 00:00;;MeteoSchweiz
PAY;th9120yv;12;01.01.1965 00:00;;MeteoSchweiz
PAY;th91dndv;12;01.08.1964 00:00;;MeteoSchweiz
PAY;th91dnmv;12;01.08.1964 00:00;;MeteoSchweiz
PAY;th91dnyv;12;01.01.1965 00:00;;MeteoSchweiz
PAY;th91dxdv;12;01.08.1964 00:00;;MeteoSchweiz
PAY;th91dxmv;12;01.08.1964 00:00;;MeteoSchweiz
PAY;th91dxyv;12;01.01.1965 00:00;;MeteoSchweiz
PAY;thl200mn;12;01.08.1964 00:00;;MeteoSchweiz
PAY;thl200yn;12;01.01.1965 00:00;;MeteoSchweiz
PAY;ths00nm0;12;01.08.1964 00:00;;MeteoSchweiz
PAY;ths00ny0;12;01.01.1965 00:00;;MeteoSchweiz
PAY;ths200d0;12;01.08.1964 00:00;;MeteoSchweiz
PAY;ths200dn;12;01.08.1964 00:00;;MeteoSchweiz
PAY;ths200dx;12;01.08.1964 00:00;;MeteoSchweiz
PAY;ths200m0;12;01.08.1964 00:00;;MeteoSchweiz
PAY;ths200y0;12;01.01.1965 00:00;;MeteoSchweiz
PAY;ths20nm0;12;01.08.1964 00:00;;MeteoSchweiz
PAY;ths20ny0;12;01.01.1965 00:00;;MeteoSchweiz
PAY;ths2dymn;12;01.08.1964 00:00;;MeteoSchweiz
PAY;ths2dymx;12;01.08.1964 00:00;;MeteoSchweiz
PAY;ths2dyyn;12;01.01.1965 00:00;;MeteoSchweiz
PAY;ths2dyyx;12;01.01.1965 00:00;;MeteoSchweiz
RAG;ph9120mv;12;01.01.1959 00:00;;MeteoSchweiz
RAG;ph9120yv;12;01.01.1959 00:00;;MeteoSchweiz
RAG;phsstam0;12;01.01.1959 00:00;;MeteoSchweiz
RAG;phsstay0;12;01.01.1959 00:00;;MeteoSchweiz
RAG;pv9120mv;12;01.01.1959 00:00;;MeteoSchweiz
RAG;pv9120yv;12;01.01.1959 00:00;;MeteoSchweiz
RAG;pva2hsm0;12;01.01.1959 00:00;;MeteoSchweiz
RAG;pva2hsy0;12;01.01.1959 00:00;;MeteoSchweiz
RAG;rh9120mv;12;01.01.1959 00:00;;MeteoSchweiz
RAG;rh9120yv;12;01.01.1959 00:00;;MeteoSchweiz
RAG;rhs150m0;12;01.01.1959 00:00;;MeteoSchweiz
RAG;rhs150y0;12;01.01.1959 00:00;;MeteoSchweiz
RAG;th9120dv;1;01.01.1864 00:00;;MeteoSchweiz
RAG;th9120mv;1;01.01.1864 00:00;;MeteoSchweiz
RAG;th9120yv;1;01.01.1864 00:00;;MeteoSchweiz
RAG;th91dndv;1;01.09.1938 00:00;;MeteoSchweiz
RAG;th91dnmv;1;01.09.1938 00:00;;MeteoSchweiz
RAG;th91dnyv;1;01.01.1939 00:00;;MeteoSchweiz
RAG;th91dxdv;1;01.09.1938 00:00;;MeteoSchweiz
RAG;th91dxmv;1;01.09.1938 00:00;;MeteoSchweiz
RAG;th91dxyv;1;01.01.1939 00:00;;MeteoSchweiz
RAG;thl200mn;1;01.01.1959 00:00;;MeteoSchweiz
RAG;thl200mn;12;01.01.1959 00:00;01.12.2015 00:00;MeteoSchweiz
RAG;thl200mx;1;01.01.1959 00:00;;MeteoSchweiz
RAG;thl200yn;1;01.01.1959 00:00;;MeteoSchweiz
RAG;thl200yn;12;01.01.1959 00:00;01.01.2015 00:00;MeteoSchweiz
RAG;thl200yx;1;01.01.1959 00:00;;MeteoSchweiz
RAG;ths00nm0;1;01.01.1959 00:00;;MeteoSchweiz
RAG;ths00nm0;12;01.01.1959 00:00;01.12.2015 00:00;MeteoSchweiz
RAG;ths00ny0;1;01.01.1959 00:00;;MeteoSchweiz
RAG;ths00ny0;12;01.01.1959 00:00;01.01.2015 00:00;MeteoSchweiz
RAG;ths00xm0;1;01.01.1959 00:00;;MeteoSchweiz
RAG;ths00xy0;1;01.01.1959 00:00;;MeteoSchweiz
RAG;ths200d0;1;01.01.1864 00:00;;MeteoSchweiz
RAG;ths200dn;1;01.09.1938 00:00;;MeteoSchweiz
RAG;ths200dx;1;01.09.1938 00:00;;MeteoSchweiz
RAG;ths200m0;1;01.01.1864 00:00;;MeteoSchweiz
RAG;ths200y0;1;01.01.1864 00:00;;MeteoSchweiz
RAG;ths20nm0;1;01.01.1959 00:00;;MeteoSchweiz
RAG;ths20nm0;12;01.01.1959 00:00;01.12.2015 00:00;MeteoSchweiz
RAG;ths20ny0;1;01.01.1959 00:00;;MeteoSchweiz
RAG;ths20ny0;12;01.01.1959 00:00;01.01.2015 00:00;MeteoSchweiz
RAG;ths25xm0;1;01.01.1959 00:00;;MeteoSchweiz
RAG;ths25xy0;1;01.01.1959 00:00;;MeteoSchweiz
RAG;ths2dymn;1;01.09.1938 00:00;;MeteoSchweiz
RAG;ths2dymx;1;01.09.1938 00:00;;MeteoSchweiz
RAG;ths2dyyn;1;01.01.1939 00:00;;MeteoSchweiz
RAG;ths2dyyx;1;01.01.1939 00:00;;MeteoSchweiz
RAG;ths30xm0;1;01.01.1959 00:00;;MeteoSchweiz
RAG;ths30xy0;1;01.01.1959 00:00;;MeteoSchweiz
RAG;ths35xm0;1;01.01.1970 00:00;;MeteoSchweiz
RAG;ths35xy0;1;01.01.1970 00:00;;MeteoSchweiz
RAG;xhs000m0;1;01.01.1959 00:00;;MeteoSchweiz
RAG;xhs000y0;1;01.01.1959 00:00;;MeteoSchweiz
RAG;xhs00om0;1;01.01.1959 00:00;;MeteoSchweiz
RAG;xhs00oy0;1;01.01.1959 00:00;;MeteoSchweiz
RAG;xhs012m0;1;01.01.1961 00:00;;MeteoSchweiz
RAG;xhs012y0;1;01.01.1961 00:00;;MeteoSchweiz
SAE;fh9120mv;12;01.01.1981 00:00;;MeteoSchweiz
SAE;fh9120yv;12;01.01.1981 00:00;;MeteoSchweiz
SAE;fhs010m0;12;01.01.1981 00:00;;MeteoSchweiz
SAE;fhs010y0;12;01.01.1981 00:00;;MeteoSchweiz
SAE;gh9120mv;12;01.01.1981 00:00;;MeteoSchweiz
SAE;gh9120yv;12;01.01.1981 00:00;;MeteoSchweiz
SAE;ghs000m0;12;01.01.1981 00:00;;MeteoSchweiz
SAE;ghs000y0;12;01.01.1981 00:00;;MeteoSchweiz
SAE;ph9120mv;12;01.01.1959 00:00;;MeteoSchweiz
SAE;ph9120yv;12;01.01.1959 00:00;;MeteoSchweiz
SAE;phsstam0;12;01.01.1959 00:00;;MeteoSchweiz
SAE;phsstay0;12;01.01.1959 00:00;;MeteoSchweiz
SAE;pv9120mv;12;01.01.1959 00:00;;MeteoSchweiz
SAE;pv9120yv;12;01.01.1959 00:00;;MeteoSchweiz
SAE;pva2hsm0;12;01.01.1959 00:00;;MeteoSchweiz
SAE;pva2hsy0;12;01.01.1959 00:00;;MeteoSchweiz
SAE;rh9120mv;1;01.09.1882 00:00;;MeteoSchweiz
SAE;rh9120yv;1;01.01.1883 00:00;;MeteoSchweiz
SAE;rhs001m0;1;01.01.1959 00:00;;MeteoSchweiz
SAE;rhs001y0;1;01.01.1959 00:00;;MeteoSchweiz
SAE;rhs001yx;1;01.01.1959 00:00;;MeteoSchweiz
SAE;rhs150m0;1;01.09.1882 00:00;;MeteoSchweiz
SAE;rhs150y0;1;01.01.1883 00:00;;MeteoSchweiz
SAE;rhsdryyx;1;01.01.1959 00:00;;MeteoSchweiz
SAE;sh9120mv;1;01.12.1887 00:00;;MeteoSchweiz
SAE;sh9120yv;1;01.01.1888 00:00;;MeteoSchweiz
SAE;shs000m0;1;01.12.1887 00:00;;MeteoSchweiz
SAE;shs000y0;1;01.01.1888 00:00;;MeteoSchweiz
SAE;th9120dv;1;01.09.1882 00:00;;MeteoSchweiz
SAE;th9120mv;1;01.01.1864 00:00;;MeteoSchweiz
SAE;th9120yv;1;01.01.1864 00:00;;MeteoSchweiz
SAE;th91dndv;1;01.01.1892 00:00;;MeteoSchweiz
SAE;th91dnmv;1;01.01.1892 00:00;;MeteoSchweiz
SAE;th91dnyv;1;01.01.1892 00:00;;MeteoSchweiz
SAE;th91dxdv;1;01.01.1901 00:00;;MeteoSchweiz
SAE;th91dxmv;1;01.01.1901 00:00;;MeteoSchweiz
SAE;th91dxyv;1;01.01.1901 00:00;;MeteoSchweiz
SAE;thl200mn;1;01.01.1959 00:00;;MeteoSchweiz
SAE;thl200mx;1;01.01.1959 00:00;;MeteoSchweiz
SAE;thl200yn;1;01.01.1959 00:00;;MeteoSchweiz
SAE;thl200yx;1;01.01.1959 00:00;;MeteoSchweiz
SAE;ths00nm0;1;01.01.1959 00:00;;MeteoSchweiz
SAE;ths00ny0;1;01.01.1959 00:00;;MeteoSchweiz
SAE;ths00xm0;1;01.01.1959 00:00;;MeteoSchweiz
SAE;ths00xy0;1;01.01.1959 00:00;;MeteoSchweiz
SAE;ths200d0;1;01.09.1882 00:00;;MeteoSchweiz
SAE;ths200dn;1;01.01.1892 00:00;;MeteoSchweiz
SAE;ths200dx;1;01.01.1901 00:00;;MeteoSchweiz
SAE;ths200m0;1;01.01.1864 00:00;;MeteoSchweiz
SAE;ths200y0;1;01.01.1864 00:00;;MeteoSchweiz
SAE;ths20nm0;1;01.01.1959 00:00;;MeteoSchweiz
SAE;ths20ny0;1;01.01.1959 00:00;;MeteoSchweiz
SAE;ths25xm0;1;01.01.1959 00:00;;MeteoSchweiz
SAE;ths25xy0;1;01.01.1959 00:00;;MeteoSchweiz
SAE;ths2dymn;1;01.01.1892 00:00;;MeteoSchweiz
SAE;ths2dymx;1;01.01.1901 00:00;;MeteoSchweiz
SAE;ths2dyyn;1;01.01.1892 00:00;;MeteoSchweiz
SAE;ths2dyyx;1;01.01.1901 00:00;;MeteoSchweiz
SAE;ths30xm0;1;01.01.1959 00:00;;MeteoSchweiz
SAE;ths30xy0;1;01.01.1959 00:00;;MeteoSchweiz
SAE;ths35xm0;1;01.01.1970 00:00;;MeteoSchweiz
SAE;ths35xy0;1;01.01.1970 00:00;;MeteoSchweiz
SAE;xhs000m0;1;01.01.1959 00:00;;MeteoSchweiz
SAE;xhs000y0;1;01.01.1959 00:00;;MeteoSchweiz
SAE;xhs00om0;1;01.01.1959 00:00;;MeteoSchweiz
SAE;xhs00oy0;1;01.01.1959 00:00;;MeteoSchweiz
SAE;xhs012m0;1;01.01.1961 00:00;;MeteoSchweiz
SAE;xhs012y0;1;01.01.1961 00:00;;MeteoSchweiz
SAM;fh9120mv;12;01.01.1981 00:00;;MeteoSchweiz
SAM;fh9120yv;12;01.01.1981 00:00;;MeteoSchweiz
SAM;fhs010m0;12;01.01.1981 00:00;;MeteoSchweiz
SAM;fhs010y0;12;01.01.1981 00:00;;MeteoSchweiz
SAM;gh9120mv;12;01.01.1981 00:00;;MeteoSchweiz
SAM;gh9120yv;12;01.01.1981 00:00;;MeteoSchweiz
SAM;ghs000m0;12;01.01.1981 00:00;;MeteoSchweiz
SAM;ghs000y0;12;01.01.1981 00:00;;MeteoSchweiz
SAM;ph9120mv;12;01.01.1959 00:00;;MeteoSchweiz
SAM;ph9120yv;12;01.01.1959 00:00;;MeteoSchweiz
SAM;phsstam0;12;01.01.1959 00:00;;MeteoSchweiz
SAM;phsstay0;12;01.01.1959 00:00;;MeteoSchweiz
SAM;pv9120mv;12;01.01.1959 00:00;;MeteoSchweiz
SAM;pv9120yv;12;01.01.1959 00:00;;MeteoSchweiz
SAM;pva2hsm0;12;01.01.1959 00:00;;MeteoSchweiz
SAM;pva2hsy0;12;01.01.1959 00:00;;MeteoSchweiz
SAM;rh9120mv;1;01.01.1864 00:00;;MeteoSchweiz
SAM;rh9120yv;1;01.01.1864 00:00;;MeteoSchweiz
SAM;rhs001m0;1;01.01.1959 00:00;;MeteoSchweiz
SAM;rhs001y0;1;01.01.1959 00:00;;MeteoSchweiz
SAM;rhs001yx;1;01.01.1980 00:00;;MeteoSchweiz
SAM;rhs150m0;1;01.01.1864 00:00;;MeteoSchweiz
SAM;rhs150y0;1;01.01.1864 00:00;;MeteoSchweiz
SAM;rhsdryyx;1;01.01.1980 00:00;;MeteoSchweiz
SAM;sh9120mv;1;01.01.1901 00:00;;MeteoSchweiz
SAM;sh9120yv;1;01.01.1901 00:00;;MeteoSchweiz
SAM;shs000m0;1;01.01.1901 00:00;;MeteoSchweiz
SAM;shs000y0;1;01.01.1901 00:00;;MeteoSchweiz
SAM;th9120dv;1;01.01.1864 00:00;;MeteoSchweiz
SAM;th9120mv;1;01.01.1864 00:00;;MeteoSchweiz
SAM;th9120yv;1;01.01.1864 00:00;;MeteoSchweiz
SAM;th91dndv;1;01.01.1869 00:00;;MeteoSchweiz
SAM;th91dnmv;1;01.01.1869 00:00;;MeteoSchweiz
SAM;th91dnyv;1;01.01.1869 00:00;;MeteoSchweiz
SAM;th91dxdv;1;01.01.1869 00:00;;MeteoSchweiz
SAM;th91dxmv;1;01.01.1869 00:00;;MeteoSchweiz
SAM;th91dxyv;1;01.01.1869 00:00;;MeteoSchweiz
SAM;thl200mn;1;01.01.1959 00:00;;MeteoSchweiz
SAM;thl200mx;1;01.01.1959 00:00;;MeteoSchweiz
SAM;thl200yn;1;01.01.1959 00:00;;MeteoSchweiz
SAM;thl200yx;1;01.01.1959 00:00;;MeteoSchweiz
SAM;ths00nm0;1;01.01.1959 00:00;;MeteoSchweiz
SAM;ths00ny0;1;01.01.1959 00:00;;MeteoSchweiz
SAM;ths00xm0;1;01.01.1959 00:00;;MeteoSchweiz
SAM;ths00xy0;1;01.01.1959 00:00;;MeteoSchweiz
SAM;ths200d0;1;01.01.1864 00:00;;MeteoSchweiz
SAM;ths200dn;1;01.01.1869 00:00;;MeteoSchweiz
SAM;ths200dx;1;01.01.1869 00:00;;MeteoSchweiz
SAM;ths200m0;1;01.01.1864 00:00;;MeteoSchweiz
SAM;ths200y0;1;01.01.1864 00:00;;MeteoSchweiz
SAM;ths20nm0;1;01.01.1959 00:00;;MeteoSchweiz
SAM;ths20ny0;1;01.01.1959 00:00;;MeteoSchweiz
SAM;ths25xm0;1;01.01.1959 00:00;;MeteoSchweiz
SAM;ths25xy0;1;01.01.1959 00:00;;MeteoSchweiz
SAM;ths2dymn;1;01.01.1869 00:00;;MeteoSchweiz
SAM;ths2dymx;1;01.01.1869 00:00;;MeteoSchweiz
SAM;ths2dyyn;1;01.01.1869 00:00;;MeteoSchweiz
SAM;ths2dyyx;1;01.01.1869 00:00;;MeteoSchweiz
SAM;ths30xm0;1;01.01.1959 00:00;;MeteoSchweiz
SAM;ths30xy0;1;01.01.1959 00:00;;MeteoSchweiz
SAM;ths35xm0;1;01.01.1970 00:00;;MeteoSchweiz
SAM;ths35xy0;1;01.01.1970 00:00;;MeteoSchweiz
SAM;xhs000m0;1;01.01.1959 00:00;;MeteoSchweiz
SAM;xhs000y0;1;01.01.1959 00:00;;MeteoSchweiz
SAM;xhs00om0;1;01.01.1959 00:00;;MeteoSchweiz
SAM;xhs00oy0;1;01.01.1959 00:00;;MeteoSchweiz
SAM;xhs012m0;1;01.01.1961 00:00;;MeteoSchweiz
SAM;xhs012y0;1;01.01.1961 00:00;;MeteoSchweiz
SBE;fh9120mv;12;01.11.1981 00:00;;MeteoSchweiz
SBE;fh9120yv;12;01.01.1982 00:00;;MeteoSchweiz
SBE;fhs010m0;12;01.11.1981 00:00;;MeteoSchweiz
SBE;fhs010y0;12;01.01.1982 00:00;;MeteoSchweiz
SBE;gh9120mv;12;01.11.1981 00:00;;MeteoSchweiz
SBE;gh9120yv;12;01.01.1982 00:00;;MeteoSchweiz
SBE;ghs000m0;12;01.11.1981 00:00;;MeteoSchweiz
SBE;ghs000y0;12;01.01.1982 00:00;;MeteoSchweiz
SBE;ph9120mv;12;01.01.1968 00:00;;MeteoSchweiz
SBE;ph9120yv;12;01.01.1968 00:00;;MeteoSchweiz
SBE;phsstam0;12;01.01.1968 00:00;;MeteoSchweiz
SBE;phsstay0;12;01.01.1968 00:00;;MeteoSchweiz
SBE;pv9120mv;12;01.01.1968 00:00;;MeteoSchweiz
SBE;pv9120yv;12;01.01.1968 00:00;;MeteoSchweiz
SBE;pva2hsm0;12;01.01.1968 00:00;;MeteoSchweiz
SBE;pva2hsy0;12;01.01.1968 00:00;;MeteoSchweiz
SBE;rh9120mv;1;01.01.1901 00:00;;MeteoSchweiz
SBE;rh9120yv;1;01.01.1901 00:00;;MeteoSchweiz
SBE;rhs001m0;1;01.01.1959 00:00;;MeteoSchweiz
SBE;rhs001y0;1;01.01.1959 00:00;;MeteoSchweiz
SBE;rhs001yx;1;01.01.1968 00:00;;MeteoSchweiz
SBE;rhs150m0;1;01.01.1901 00:00;;MeteoSchweiz
SBE;rhs150y0;1;01.01.1901 00:00;;MeteoSchweiz
SBE;rhsdryyx;1;01.01.1968 00:00;;MeteoSchweiz
SBE;sh9120mv;12;01.08.1969 00:00;;MeteoSchweiz
SBE;sh9120yv;12;01.01.1970 00:00;;MeteoSchweiz
SBE;shs000m0;12;01.08.1969 00:00;;MeteoSchweiz
SBE;shs000y0;12;01.01.1970 00:00;;MeteoSchweiz
SBE;th9120dv;1;01.01.1864 00:00;;MeteoSchweiz
SBE;th9120mv;1;01.01.1864 00:00;;MeteoSchweiz
SBE;th9120yv;1;01.01.1864 00:00;;MeteoSchweiz
SBE;th91dndv;12;01.01.1968 00:00;;MeteoSchweiz
SBE;th91dnmv;12;01.01.1968 00:00;;MeteoSchweiz
SBE;th91dnyv;12;01.01.1968 00:00;;MeteoSchweiz
SBE;th91dxdv;12;01.01.1968 00:00;;MeteoSchweiz
SBE;th91dxmv;12;01.01.1968 00:00;;MeteoSchweiz
SBE;th91dxyv;12;01.01.1968 00:00;;MeteoSchweiz
SBE;thl200mn;12;01.01.1968 00:00;;MeteoSchweiz
SBE;thl200yn;12;01.01.1968 00:00;;MeteoSchweiz
SBE;ths00nm0;12;01.01.1968 00:00;;MeteoSchweiz
SBE;ths00ny0;12;01.01.1968 00:00;;MeteoSchweiz
SBE;ths200d0;1;01.01.1864 00:00;;MeteoSchweiz
SBE;ths200dn;12;01.01.1968 00:00;;MeteoSchweiz
SBE;ths200dx;12;01.01.1968 00:00;;MeteoSchweiz
SBE;ths200m0;1;01.01.1864 00:00;;MeteoSchweiz
SBE;ths200y0;1;01.01.1864 00:00;;MeteoSchweiz
SBE;ths20nm0;12;01.01.1968 00:00;;MeteoSchweiz
SBE;ths20ny0;12;01.01.1968 00:00;;MeteoSchweiz
SBE;ths2dymn;12;01.01.1968 00:00;;MeteoSchweiz
SBE;ths2dymx;12;01.01.1968 00:00;;MeteoSchweiz
SBE;ths2dyyn;12;01.01.1968 00:00;;MeteoSchweiz
SBE;ths2dyyx;12;01.01.1968 00:00;;MeteoSchweiz
SBE;xhs000m0;1;01.01.1959 00:00;;MeteoSchweiz
SBE;xhs000y0;1;01.01.1959 00:00;;MeteoSchweiz
SBE;xhs00om0;1;01.01.1959 00:00;;MeteoSchweiz
SBE;xhs00oy0;1;01.01.1959 00:00;;MeteoSchweiz
SBE;xhs012m0;1;01.01.1961 00:00;;MeteoSchweiz
SBE;xhs012y0;1;01.01.1961 00:00;;MeteoSchweiz
SIA;pv9120mv;12;01.01.1959 00:00;;MeteoSchweiz
SIA;pv9120yv;12;01.01.1959 00:00;;MeteoSchweiz
SIA;pva2hsm0;12;01.01.1959 00:00;;MeteoSchweiz
SIA;pva2hsy0;12;01.01.1959 00:00;;MeteoSchweiz
SIA;rh9120mv;1;01.12.1863 00:00;;MeteoSchweiz
SIA;rh9120yv;1;01.01.1864 00:00;;MeteoSchweiz
SIA;rhs001m0;1;01.01.1959 00:00;;MeteoSchweiz
SIA;rhs001y0;1;01.01.1959 00:00;;MeteoSchweiz
SIA;rhs001yx;1;01.01.1959 00:00;;MeteoSchweiz
SIA;rhs150m0;1;01.12.1863 00:00;;MeteoSchweiz
SIA;rhs150y0;1;01.01.1864 00:00;;MeteoSchweiz
SIA;rhsdryyx;1;01.01.1959 00:00;;MeteoSchweiz
SIA;th9120dv;1;01.12.1863 00:00;;MeteoSchweiz
SIA;th9120mv;1;01.12.1863 00:00;;MeteoSchweiz
SIA;th9120yv;1;01.01.1864 00:00;;MeteoSchweiz
SIA;th91dndv;1;01.04.1869 00:00;;MeteoSchweiz
SIA;th91dnmv;1;01.04.1869 00:00;;MeteoSchweiz
SIA;th91dnyv;1;01.01.1870 00:00;;MeteoSchweiz
SIA;th91dxdv;1;01.04.1869 00:00;;MeteoSchweiz
SIA;th91dxmv;1;01.04.1869 00:00;;MeteoSchweiz
SIA;th91dxyv;1;01.01.1870 00:00;;MeteoSchweiz
SIA;thl200mn;1;01.01.1971 00:00;;MeteoSchweiz
SIA;thl200mn;12;01.01.1971 00:00;01.12.2015 00:00;MeteoSchweiz
SIA;thl200mx;1;01.08.1977 00:00;;MeteoSchweiz
SIA;thl200yn;1;01.01.1971 00:00;;MeteoSchweiz
SIA;thl200yn;12;01.01.1971 00:00;01.01.2015 00:00;MeteoSchweiz
SIA;thl200yx;1;01.01.1978 00:00;;MeteoSchweiz
SIA;ths00nm0;1;01.01.1971 00:00;;MeteoSchweiz
SIA;ths00nm0;12;01.01.1971 00:00;01.12.2015 00:00;MeteoSchweiz
SIA;ths00ny0;1;01.01.1971 00:00;;MeteoSchweiz
SIA;ths00ny0;12;01.01.1971 00:00;01.01.2015 00:00;MeteoSchweiz
SIA;ths00xm0;1;01.08.1977 00:00;;MeteoSchweiz
SIA;ths00xy0;1;01.01.1978 00:00;;MeteoSchweiz
SIA;ths200d0;1;01.12.1863 00:00;;MeteoSchweiz
SIA;ths200dn;1;01.04.1869 00:00;;MeteoSchweiz
SIA;ths200dx;1;01.04.1869 00:00;;MeteoSchweiz
SIA;ths200m0;1;01.12.1863 00:00;;MeteoSchweiz
SIA;ths200y0;1;01.01.1864 00:00;;MeteoSchweiz
SIA;ths20nm0;1;01.01.1971 00:00;;MeteoSchweiz
SIA;ths20nm0;12;01.01.1971 00:00;01.12.2015 00:00;MeteoSchweiz
SIA;ths20ny0;1;01.01.1971 00:00;01.01.2013 00:00;MeteoSchweiz
SIA;ths20ny0;12;01.01.1971 00:00;01.01.2013 00:00;MeteoSchweiz
SIA;ths25xm0;1;01.08.1977 00:00;;MeteoSchweiz
SIA;ths25xy0;1;01.01.1978 00:00;;MeteoSchweiz
SIA;ths2dymn;1;01.04.1869 00:00;;MeteoSchweiz
SIA;ths2dymx;1;01.04.1869 00:00;;MeteoSchweiz
SIA;ths2dyyn;1;01.01.1870 00:00;;MeteoSchweiz
SIA;ths2dyyx;1;01.01.1870 00:00;;MeteoSchweiz
SIA;ths30xm0;1;01.08.1977 00:00;;MeteoSchweiz
SIA;ths30xy0;1;01.01.1978 00:00;01.01.2013 00:00;MeteoSchweiz
SIA;ths35xm0;1;01.08.1977 00:00;;MeteoSchweiz
SIA;ths35xy0;1;01.01.1978 00:00;01.01.2013 00:00;MeteoSchweiz
SIA;xhs000m0;1;01.01.1959 00:00;;MeteoSchweiz
SIA;xhs000y0;1;01.01.1959 00:00;;MeteoSchweiz
SIA;xhs00om0;1;01.01.1959 00:00;;MeteoSchweiz
SIA;xhs00oy0;1;01.01.1959 00:00;;MeteoSchweiz
SIA;xhs012m0;1;01.01.1961 00:00;;MeteoSchweiz
SIA;xhs012y0;1;01.01.1961 00:00;;MeteoSchweiz
SIO;fh9120mv;12;01.01.1981 00:00;;MeteoSchweiz
SIO;fh9120yv;12;01.01.1981 00:00;;MeteoSchweiz
SIO;fhs010m0;12;01.01.1981 00:00;;MeteoSchweiz
SIO;fhs010y0;12;01.01.1981 00:00;;MeteoSchweiz
SIO;gh9120mv;12;01.01.1981 00:00;;MeteoSchweiz
SIO;gh9120yv;12;01.01.1981 00:00;;MeteoSchweiz
SIO;ghs000m0;12;01.01.1981 00:00;;MeteoSchweiz
SIO;ghs000y0;12;01.01.1981 00:00;;MeteoSchweiz
SIO;ph9120mv;12;01.01.1959 00:00;;MeteoSchweiz
SIO;ph9120yv;12;01.01.1959 00:00;;MeteoSchweiz
SIO;phsstam0;12;01.01.1959 00:00;;MeteoSchweiz
SIO;phsstay0;12;01.01.1959 00:00;;MeteoSchweiz
SIO;pv9120mv;12;01.01.1959 00:00;;MeteoSchweiz
SIO;pv9120yv;12;01.01.1959 00:00;;MeteoSchweiz
SIO;pva2hsm0;12;01.01.1959 00:00;;MeteoSchweiz
SIO;pva2hsy0;12;01.01.1959 00:00;;MeteoSchweiz
SIO;rh9120mv;1;01.01.1864 00:00;;MeteoSchweiz
SIO;rh9120yv;1;01.01.1864 00:00;;MeteoSchweiz
SIO;rhs001m0;1;01.01.1959 00:00;;MeteoSchweiz
SIO;rhs001y0;1;01.01.1959 00:00;;MeteoSchweiz
SIO;rhs001yx;1;01.01.1959 00:00;;MeteoSchweiz
SIO;rhs150m0;1;01.01.1864 00:00;;MeteoSchweiz
SIO;rhs150y0;1;01.01.1864 00:00;;MeteoSchweiz
SIO;rhsdryyx;1;01.01.1959 00:00;;MeteoSchweiz
SIO;sh9120mv;1;01.01.1901 00:00;;MeteoSchweiz
SIO;sh9120yv;1;01.01.1901 00:00;;MeteoSchweiz
SIO;shs000m0;1;01.01.1901 00:00;;MeteoSchweiz
SIO;shs000y0;1;01.01.1901 00:00;;MeteoSchweiz
SIO;th9120dv;1;01.04.1864 00:00;;MeteoSchweiz
SIO;th9120mv;1;01.01.1864 00:00;;MeteoSchweiz
SIO;th9120yv;1;01.01.1864 00:00;;MeteoSchweiz
SIO;th91dndv;1;01.01.1959 00:00;;MeteoSchweiz
SIO;th91dnmv;1;01.01.1959 00:00;;MeteoSchweiz
SIO;th91dnyv;1;01.01.1959 00:00;;MeteoSchweiz
SIO;th91dxdv;1;01.01.1958 00:00;;MeteoSchweiz
SIO;th91dxmv;1;01.01.1958 00:00;;MeteoSchweiz
SIO;th91dxyv;1;01.01.1958 00:00;;MeteoSchweiz
SIO;thl200mn;1;01.01.1959 00:00;;MeteoSchweiz
SIO;thl200mx;1;01.01.1959 00:00;;MeteoSchweiz
SIO;thl200yn;1;01.01.1959 00:00;;MeteoSchweiz
SIO;thl200yx;1;01.01.1959 00:00;;MeteoSchweiz
SIO;ths00nm0;1;01.01.1959 00:00;;MeteoSchweiz
SIO;ths00ny0;1;01.01.1959 00:00;;MeteoSchweiz
SIO;ths00xm0;1;01.01.1959 00:00;;MeteoSchweiz
SIO;ths00xy0;1;01.01.1959 00:00;;MeteoSchweiz
SIO;ths200d0;1;01.04.1864 00:00;;MeteoSchweiz
SIO;ths200dn;1;01.01.1959 00:00;;MeteoSchweiz
SIO;ths200dx;1;01.01.1958 00:00;;MeteoSchweiz
SIO;ths200m0;1;01.01.1864 00:00;;MeteoSchweiz
SIO;ths200y0;1;01.01.1864 00:00;;MeteoSchweiz
SIO;ths20nm0;1;01.01.1959 00:00;;MeteoSchweiz
SIO;ths20ny0;1;01.01.1959 00:00;;MeteoSchweiz
SIO;ths25xm0;1;01.01.1959 00:00;;MeteoSchweiz
SIO;ths25xy0;1;01.01.1959 00:00;;MeteoSchweiz
SIO;ths2dymn;1;01.01.1959 00:00;;MeteoSchweiz
SIO;ths2dymx;1;01.01.1958 00:00;;MeteoSchweiz
SIO;ths2dyyn;1;01.01.1959 00:00;;MeteoSchweiz
SIO;ths2dyyx;1;01.01.1958 00:00;;MeteoSchweiz
SIO;ths30xm0;1;01.01.1959 00:00;;MeteoSchweiz
SIO;ths30xy0;1;01.01.1959 00:00;;MeteoSchweiz
SIO;ths35xm0;1;01.01.1970 00:00;;MeteoSchweiz
SIO;ths35xy0;1;01.01.1970 00:00;;MeteoSchweiz
SIO;xhs000m0;1;01.01.1959 00:00;;MeteoSchweiz
SIO;xhs000y0;1;01.01.1959 00:00;;MeteoSchweiz
SIO;xhs00om0;1;01.01.1959 00:00;;MeteoSchweiz
SIO;xhs00oy0;1;01.01.1959 00:00;;MeteoSchweiz
SIO;xhs012m0;1;01.01.1961 00:00;;MeteoSchweiz
SIO;xhs012y0;1;01.01.1961 00:00;;MeteoSchweiz
SMA;fh9120mv;12;01.01.1981 00:00;;MeteoSchweiz
SMA;fh9120yv;12;01.01.1981 00:00;;MeteoSchweiz
SMA;fhs010m0;12;01.01.1981 00:00;;MeteoSchweiz
SMA;fhs010y0;12;01.01.1981 00:00;;MeteoSchweiz
SMA;gh9120mv;12;01.01.1981 00:00;;MeteoSchweiz
SMA;gh9120yv;12;01.01.1981 00:00;;MeteoSchweiz
SMA;ghs000m0;12;01.01.1981 00:00;;MeteoSchweiz
SMA;ghs000y0;12;01.01.1981 00:00;;MeteoSchweiz
SMA;ph9120mv;12;01.01.1959 00:00;;MeteoSchweiz
SMA;ph9120yv;12;01.01.1959 00:00;;MeteoSchweiz
SMA;phsstam0;12;01.01.1959 00:00;;MeteoSchweiz
SMA;phsstay0;12;01.01.1959 00:00;;MeteoSchweiz
SMA;pv9120mv;12;01.01.1959 00:00;;MeteoSchweiz
SMA;pv9120yv;12;01.01.1959 00:00;;MeteoSchweiz
SMA;pva2hsm0;12;01.01.1959 00:00;;MeteoSchweiz
SMA;pva2hsy0;12;01.01.1959 00:00;;MeteoSchweiz
SMA;rh9120mv;1;01.01.1864 00:00;;MeteoSchweiz
SMA;rh9120yv;1;01.01.1864 00:00;;MeteoSchweiz
SMA;rhs001m0;1;01.01.1959 00:00;;MeteoSchweiz
SMA;rhs001y0;1;01.01.1959 00:00;;MeteoSchweiz
SMA;rhs001yx;1;01.01.1959 00:00;;MeteoSchweiz
SMA;rhs150m0;1;01.01.1864 00:00;;MeteoSchweiz
SMA;rhs150y0;1;01.01.1864 00:00;;MeteoSchweiz
SMA;rhsdryyx;1;01.01.1959 00:00;;MeteoSchweiz
SMA;sh9120mv;1;01.01.1884 00:00;;MeteoSchweiz
SMA;sh9120yv;1;01.01.1884 00:00;;MeteoSchweiz
SMA;shs000m0;1;01.01.1884 00:00;;MeteoSchweiz
SMA;shs000y0;1;01.01.1884 00:00;;MeteoSchweiz
SMA;th9120dv;1;01.01.1864 00:00;;MeteoSchweiz
SMA;th9120mv;1;01.01.1864 00:00;;MeteoSchweiz
SMA;th9120yv;1;01.01.1864 00:00;;MeteoSchweiz
SMA;th91dndv;1;01.09.1881 00:00;;MeteoSchweiz
SMA;th91dnmv;1;01.09.1881 00:00;;MeteoSchweiz
SMA;th91dnyv;1;01.01.1882 00:00;;MeteoSchweiz
SMA;th91dxdv;1;01.09.1881 00:00;;MeteoSchweiz
SMA;th91dxmv;1;01.09.1881 00:00;;MeteoSchweiz
SMA;th91dxyv;1;01.01.1882 00:00;;MeteoSchweiz
SMA;thl200mn;1;01.01.1959 00:00;;MeteoSchweiz
SMA;thl200mx;1;01.01.1959 00:00;;MeteoSchweiz
SMA;thl200yn;1;01.01.1959 00:00;;MeteoSchweiz
SMA;thl200yx;1;01.01.1959 00:00;;MeteoSchweiz
SMA;ths00nm0;1;01.01.1959 00:00;;MeteoSchweiz
SMA;ths00ny0;1;01.01.1959 00:00;;MeteoSchweiz
SMA;ths00xm0;1;01.01.1959 00:00;;MeteoSchweiz
SMA;ths00xy0;1;01.01.1959 00:00;;MeteoSchweiz
SMA;ths200d0;1;01.01.1864 00:00;;MeteoSchweiz
SMA;ths200dn;1;01.09.1881 00:00;;MeteoSchweiz
SMA;ths200dx;1;01.09.1881 00:00;;MeteoSchweiz
SMA;ths200m0;1;01.01.1864 00:00;;MeteoSchweiz
SMA;ths200y0;1;01.01.1864 00:00;;MeteoSchweiz
SMA;ths20nm0;1;01.01.1959 00:00;;MeteoSchweiz
SMA;ths20ny0;1;01.01.1959 00:00;;MeteoSchweiz
SMA;ths25xm0;1;01.01.1959 00:00;;MeteoSchweiz
SMA;ths25xy0;1;01.01.1959 00:00;;MeteoSchweiz
SMA;ths2dymn;1;01.09.1881 00:00;;MeteoSchweiz
SMA;ths2dymx;1;01.09.1881 00:00;;MeteoSchweiz
SMA;ths2dyyn;1;01.01.1882 00:00;;MeteoSchweiz
SMA;ths2dyyx;1;01.01.1882 00:00;;MeteoSchweiz
SMA;ths30xm0;1;01.01.1959 00:00;;MeteoSchweiz
SMA;ths30xy0;1;01.01.1959 00:00;;MeteoSchweiz
SMA;ths35xm0;1;01.01.1970 00:00;;MeteoSchweiz
SMA;ths35xy0;1;01.01.1970 00:00;;MeteoSchweiz
SMA;xhs000m0;1;01.01.1959 00:00;;MeteoSchweiz
SMA;xhs000y0;1;01.01.1959 00:00;;MeteoSchweiz
SMA;xhs00om0;1;01.01.1959 00:00;;MeteoSchweiz
SMA;xhs00oy0;1;01.01.1959 00:00;;MeteoSchweiz
SMA;xhs012m0;1;01.01.1961 00:00;;MeteoSchweiz
SMA;xhs012y0;1;01.01.1961 00:00;;MeteoSchweiz
STG;fh9120mv;12;01.08.1981 00:00;;MeteoSchweiz
STG;fh9120yv;12;01.01.1982 00:00;;MeteoSchweiz
STG;fhs010m0;12;01.08.1981 00:00;;MeteoSchweiz
STG;fhs010y0;12;01.01.1982 00:00;;MeteoSchweiz
STG;gh9120mv;12;01.08.1981 00:00;;MeteoSchweiz
STG;gh9120yv;12;01.01.1982 00:00;;MeteoSchweiz
STG;ghs000m0;12;01.08.1981 00:00;;MeteoSchweiz
STG;ghs000y0;12;01.01.1982 00:00;;MeteoSchweiz
STG;ph9120mv;12;01.01.1959 00:00;;MeteoSchweiz
STG;ph9120yv;12;01.01.1959 00:00;;MeteoSchweiz
STG;phsstam0;12;01.01.1959 00:00;;MeteoSchweiz
STG;phsstay0;12;01.01.1959 00:00;;MeteoSchweiz
STG;pv9120mv;12;01.01.1959 00:00;;MeteoSchweiz
STG;pv9120yv;12;01.01.1959 00:00;;MeteoSchweiz
STG;pva2hsm0;12;01.01.1959 00:00;;MeteoSchweiz
STG;pva2hsy0;12;01.01.1959 00:00;;MeteoSchweiz
STG;rh9120mv;1;01.12.1865 00:00;;MeteoSchweiz
STG;rh9120yv;1;01.01.1866 00:00;;MeteoSchweiz
STG;rhs001m0;1;01.01.1959 00:00;;MeteoSchweiz
STG;rhs001y0;1;01.01.1959 00:00;;MeteoSchweiz
STG;rhs001yx;1;01.01.1959 00:00;;MeteoSchweiz
STG;rhs150m0;1;01.12.1865 00:00;;MeteoSchweiz
STG;rhs150y0;1;01.01.1866 00:00;;MeteoSchweiz
STG;rhsdryyx;1;01.01.1959 00:00;;MeteoSchweiz
STG;sh9120mv;12;01.01.1959 00:00;;MeteoSchweiz
STG;sh9120yv;12;01.01.1959 00:00;;MeteoSchweiz
STG;shs000m0;12;01.01.1959 00:00;;MeteoSchweiz
STG;shs000y0;12;01.01.1959 00:00;;MeteoSchweiz
STG;th9120dv;1;01.01.1864 00:00;;MeteoSchweiz
STG;th9120mv;1;01.01.1864 00:00;;MeteoSchweiz
STG;th9120yv;1;01.01.1864 00:00;;MeteoSchweiz
STG;th91dndv;1;01.01.1892 00:00;;MeteoSchweiz
STG;th91dnmv;1;01.01.1892 00:00;;MeteoSchweiz
STG;th91dnyv;1;01.01.1892 00:00;;MeteoSchweiz
STG;th91dxdv;1;01.01.1959 00:00;;MeteoSchweiz
STG;th91dxmv;1;01.01.1959 00:00;;MeteoSchweiz
STG;th91dxyv;1;01.01.1959 00:00;;MeteoSchweiz
STG;thl200mn;1;01.01.1959 00:00;;MeteoSchweiz
STG;thl200mn;12;01.04.2007 00:00;01.12.2015 00:00;MeteoSchweiz
STG;thl200mx;1;01.01.1959 00:00;;MeteoSchweiz
STG;thl200yn;1;01.01.1959 00:00;;MeteoSchweiz
STG;thl200yn;12;01.01.2007 00:00;01.01.2015 00:00;MeteoSchweiz
STG;thl200yx;1;01.01.1959 00:00;;MeteoSchweiz
STG;ths00nm0;1;01.01.1959 00:00;;MeteoSchweiz
STG;ths00nm0;12;01.04.2007 00:00;01.12.2015 00:00;MeteoSchweiz
STG;ths00ny0;1;01.01.1959 00:00;;MeteoSchweiz
STG;ths00ny0;12;01.01.2007 00:00;01.01.2015 00:00;MeteoSchweiz
STG;ths00xm0;1;01.01.1959 00:00;;MeteoSchweiz
STG;ths00xy0;1;01.01.1959 00:00;;MeteoSchweiz
STG;ths200d0;1;01.01.1864 00:00;;MeteoSchweiz
STG;ths200dn;1;01.01.1892 00:00;;MeteoSchweiz
STG;ths200dx;1;01.01.1959 00:00;;MeteoSchweiz
STG;ths200m0;1;01.01.1864 00:00;;MeteoSchweiz
STG;ths200y0;1;01.01.1864 00:00;;MeteoSchweiz
STG;ths20nm0;1;01.01.1959 00:00;;MeteoSchweiz
STG;ths20nm0;12;01.04.2007 00:00;01.12.2015 00:00;MeteoSchweiz
STG;ths20ny0;1;01.01.1959 00:00;;MeteoSchweiz
STG;ths20ny0;12;01.01.2007 00:00;01.01.2015 00:00;MeteoSchweiz
STG;ths25xm0;1;01.01.1959 00:00;;MeteoSchweiz
STG;ths25xy0;1;01.01.1959 00:00;;MeteoSchweiz
STG;ths2dymn;1;01.01.1892 00:00;;MeteoSchweiz
STG;ths2dymx;1;01.01.1959 00:00;;MeteoSchweiz
STG;ths2dyyn;1;01.01.1892 00:00;;MeteoSchweiz
STG;ths2dyyx;1;01.01.1959 00:00;;MeteoSchweiz
STG;ths30xm0;1;01.01.1959 00:00;;MeteoSchweiz
STG;ths30xy0;1;01.01.1959 00:00;;MeteoSchweiz
STG;ths35xm0;1;01.01.1970 00:00;;MeteoSchweiz
STG;ths35xy0;1;01.01.1970 00:00;;MeteoSchweiz
STG;xhs000m0;1;01.01.1959 00:00;;MeteoSchweiz
STG;xhs000y0;1;01.01.1959 00:00;;MeteoSchweiz
STG;xhs00om0;1;01.01.1959 00:00;;MeteoSchweiz
STG;xhs00oy0;1;01.01.1959 00:00;;MeteoSchweiz
STG;xhs012m0;1;01.01.1961 00:00;;MeteoSchweiz
STG;xhs012y0;1;01.01.1961 00:00;;MeteoSchweiz
